model,date,n_assets,ic,bottom_decile_return_decimal,top_decile_return_decimal,long_short_return_decimal,mean_ic_contribution,long_short_arithmetic_contribution_decimal,long_short_share_of_total,leave_one_date_out_mean_ic,leave_one_date_out_long_short_sharpe
FinPFN,2010-02-28,500,0.0038134235282606165,0.054808764399999904,0.04738433999999999,-0.007424424399999914,2.6667297400423892e-05,-0.007424424399999914,-0.0035434791621855102,0.06697905301031877,1.0480375055689042
FinPFN,2010-03-31,500,0.011441518040668598,0.057753759999999994,0.057587824399999904,-0.00016593560000009028,8.001061566901118e-05,-0.00016593560000009028,-7.919662308974102e-05,0.06692533403487928,1.0440029205186463
FinPFN,2010-04-30,500,-0.101203388866442,0.15922332639999937,0.030242659999999998,-0.12898066639999936,-0.000707716006059035,-0.12898066639999936,-0.06155902182978708,0.06771860802718287,1.1434942890683424
FinPFN,2010-05-31,500,0.1927457974867874,-0.10598159560000012,-0.0631499,0.04283169560000012,0.0013478727096978141,0.04283169560000012,0.020442422558666636,0.06564854333455448,1.0234562334366855
FinPFN,2010-06-30,500,0.17105522486065647,-0.08338686000000001,-0.046968119999999995,0.03641874000000001,0.0011961903836409543,0.03641874000000001,0.017381690397851375,0.06580129384600611,1.0261638083274283
FinPFN,2010-07-31,500,0.09651303763371576,0.01913128,0.0696342043999999,0.0505029243999999,0.0006749163470889214,0.0505029243999999,0.02410369485893504,0.06632623882647752,1.0203790175075043
FinPFN,2010-08-31,500,0.23109114409551537,-0.08361396000000001,-0.026989920000000004,0.056624040000000014,0.0016160219866819257,0.056624040000000014,0.02702513959449317,0.06537850568238035,1.0180493554290748
FinPFN,2010-09-30,500,-0.013578066369593769,0.10584726879999978,0.10024320439999988,-0.0056040643999999,-9.49515130740823e-05,-0.0056040643999999,-0.00267467002895814,0.06710152829128957,1.0470099036031077
FinPFN,2010-10-31,500,-0.0999172068628666,0.041966824399999894,0.0209181,-0.021048724399999896,-0.0006987217263137525,-0.021048724399999896,-0.010045993101092955,0.06770955040743937,1.0560683356276186
FinPFN,2010-11-30,500,-0.10868988848715264,0.05330039759999958,0.025923028799999793,-0.027377368799999784,-0.0007600691502598087,-0.027377368799999784,-0.013066485781479314,0.06777132985549773,1.0600059230122565
FinPFN,2010-12-31,500,-0.11505441002417012,0.10978212439999992,0.10438322439999989,-0.005398900000000026,-0.0008045762938753156,-0.005398900000000026,-0.002576750549001976,0.06781615042970207,1.0468947513784128
FinPFN,2011-01-31,500,0.028708003521006175,0.008803919999999995,0.0069184,-0.0018855199999999947,0.00020075526937766557,-0.0018855199999999947,-0.0008999082581922555,0.06680373906670788,1.0449436065609943
FinPFN,2011-02-28,500,-0.026484396480088105,0.0665580643999999,0.02536152,-0.041196544399999896,-0.0001852055697908259,-0.041196544399999896,-0.01966200863132925,0.06719241793995502,1.0690731671246387
FinPFN,2011-03-31,500,0.11390148507321171,-0.033347140000000004,-0.008452575600000102,0.024894564399999902,0.0007965138816308511,0.024894564399999902,0.011881509656571613,0.0662037849712698,1.0313407628553803
FinPFN,2011-04-30,500,0.09282825668029664,0.05225352439999988,0.01395374,-0.038299784399999884,0.0006491486481139625,-0.038299784399999884,-0.018279462571886222,0.06635218798812133,1.0671184021266247
FinPFN,2011-05-31,500,0.15808063149826734,-0.0406495556000001,-0.0016542199999999996,0.038995335600000104,0.001105458961526345,0.038995335600000104,0.01861143055359723,0.0658926642217976,1.0250611321423753
FinPFN,2011-06-30,500,0.10134857512376418,-0.05329852000000001,-0.017283555600000108,0.036014964399999905,0.0007087312945717774,0.036014964399999905,0.017188979105000262,0.0662921857455617,1.0263384161399274
FinPFN,2011-07-31,500,0.04723593521106579,-0.03809534,-0.019107219999999998,0.01898812,0.00033032122525220834,0.01898812,0.009062521742302166,0.06667326067452435,1.034150467641676
FinPFN,2011-08-31,500,0.22943707130688912,-0.131713,-0.03592798,0.09578502,0.0016044550441041197,0.09578502,0.045715627789209665,0.06539015408230026,1.005775296264272
FinPFN,2011-09-30,500,0.30894204322216695,-0.15923528,-0.0388792356000001,0.1203560443999999,0.0021604338686864824,0.1203560443999999,0.05744272045850163,0.0648302599138828,1.0004132426085608
FinPFN,2011-10-31,500,0.173864329476633,0.03917850879999978,0.16680929319999968,0.1276307843999999,0.0012158344718645664,0.1276307843999999,0.0609147592606366,0.06578151141913305,0.9991787252206581
FinPFN,2011-11-30,500,0.07751615638928182,-0.02875913560000011,0.008854468799999788,0.037613604399999896,0.0005420710237012715,0.037613604399999896,0.017951967213254996,0.06646001968031158,1.025649975765564
FinPFN,2011-12-31,500,0.15228706307759096,-0.03531468,-0.02499184,0.01032284,0.0010649444970460907,0.01032284,0.0049268153952211425,0.06593346399940798,1.038466431380921
FinPFN,2012-01-31,500,-0.024559551205651283,0.10645518000000001,0.11197989319999965,0.005524713199999642,-0.00017174511332623276,0.005524713199999642,0.0026367978238488344,0.0671788626915435,1.0409563718032675
FinPFN,2012-02-29,500,0.004682034952877495,0.021076660000000004,0.03693444,0.015857779999999995,3.274150316697549e-05,0.015857779999999995,0.007568494197142444,0.06697293602845526,1.0356829000413041
FinPFN,2012-03-31,500,0.0491417337463366,-0.031147019999999994,0.0002403999999999995,0.03138741999999999,0.00034364848773661954,0.03138741999999999,0.0149803759500556,0.06665983955807879,1.0283746133199212
FinPFN,2012-04-30,500,0.08625587084716359,-0.027748751200000213,-0.011443479999999999,0.016305271200000214,0.000603187908022123,0.016305271200000214,0.007782069776477885,0.06639847239539691,1.0354619886429797
FinPFN,2012-05-31,500,0.20820328112625627,-0.11200839560000012,-0.041246479999999995,0.07076191560000011,0.001455967000882911,0.07076191560000011,0.03377276942909313,0.06553968781596668,1.0130935728665005
FinPFN,2012-06-30,500,0.06627356249613389,-0.025728199999999996,0.021427719999999997,0.04715591999999999,0.0004634514859869503,0.04715591999999999,0.02250625919144504,0.06653919287674219,1.0217000307668382
FinPFN,2012-07-31,500,0.1702166611222445,-0.029586819999999993,0.00911608,0.03870289999999999,0.0011903263015541575,0.03870289999999999,0.018471858864392388,0.06580719922444564,1.025185279356527
FinPFN,2012-08-31,500,0.07558240377154836,0.0002134443999998914,0.020016100000000002,0.01980265560000011,0.0005285482781227158,0.01980265560000011,0.009451277795291094,0.06647363765649279,1.0337566505838625
FinPFN,2012-09-30,500,-0.02503733875921334,0.06439138879999978,0.026232219999999994,-0.03815916879999979,-0.00017508628502946392,-0.03815916879999979,-0.018212350507484498,0.06718222739262492,1.0670242504394305
FinPFN,2012-10-31,500,0.19184376202180797,-0.08531196000000002,0.01233006,0.09764202000000002,0.0013415647693832725,0.09764202000000002,0.04660192421431417,0.06565489569698392,1.0053065008955955
FinPFN,2012-11-30,500,0.11683117973656418,0.0035269643999998952,-0.00363278,-0.007159744399999895,0.0008170012568990502,-0.007159744399999895,-0.0034171544783962405,0.06618315331871098,1.0478874337034125
FinPFN,2012-12-31,500,-0.041647559589779795,0.022485964399999895,0.01189856,-0.010587404399999894,-0.00029124167545300557,-0.010587404399999894,-0.005053084906222662,0.06729920077875567,1.049848296763402
FinPFN,2013-01-31,500,0.051171195422088096,0.03947428439999989,0.062122380000000005,0.022648095600000112,0.0003578405274271895,0.022648095600000112,0.010809330191548137,0.06664554757444674,1.0323968559775158
FinPFN,2013-02-28,500,0.053255075079642,0.04097154879999979,0.010172124399999894,-0.0307994243999999,0.00037241311244504897,-0.0307994243999999,-0.014699741379103931,0.06663087236559072,1.0621908117716847
FinPFN,2013-03-31,500,-0.035190142449696676,-0.009696179999999995,0.02215518,0.031851359999999995,-0.00024608491223564107,0.031851359999999995,0.015201802101624251,0.06725372601016354,1.0281675578947613
FinPFN,2013-04-30,500,0.07371793925637186,0.028874088799999784,0.01197958,-0.016894508799999784,0.0005155100647298732,-0.016894508799999784,-0.00806329712080571,0.0664867676882898,1.0535555950824185
FinPFN,2013-05-31,500,-0.10945152174540386,0.07547524439999989,0.018020804399999896,-0.057454439999999996,-0.0007653952569608662,-0.057454439999999996,-0.027421467301228093,0.06777669346999246,1.0805915745584282
FinPFN,2013-06-30,500,0.035234833167512906,-0.04098004,-0.04044709999999999,0.0005329400000000095,0.00024639743473785247,0.0005329400000000095,0.00025435800581324544,0.06675777547764797,1.0436232782016808
FinPFN,2013-07-31,500,-0.13928322316128505,0.07178854439999989,0.03717686439999989,-0.03461168,-0.0009740085535754199,-0.03461168,-0.016519228998847963,0.06798677587432965,1.0646714172709622
FinPFN,2013-08-31,500,-0.06252644360640908,0.013919964399999896,-0.03223972,-0.046159684399999894,-0.00043724785738747605,-0.046159684399999894,-0.022030782588945357,0.06744623517323897,1.072490180668025
FinPFN,2013-09-30,500,0.017583867821638902,0.07064883319999968,0.07341094439999989,0.0027621112000002085,0.0001229641106408315,0.0027621112000002085,0.0013182817890690713,0.06688207805050624,1.0424226423722958
FinPFN,2013-10-31,500,0.0035666067800185328,0.01223808439999989,0.016823984399999894,0.004585900000000004,2.4941306153975754e-05,0.004585900000000004,0.0021887273968156686,0.06698079115643314,1.041451968996724
FinPFN,2013-11-30,500,-0.13102104237317969,0.05165036879999978,0.0055676400000000004,-0.04608272879999978,-0.0009162310655467111,-0.04608272879999978,-0.02199405373963363,0.06792859150258243,1.0724365398132032
FinPFN,2013-12-31,500,-0.0068416120232428785,0.03251025999999999,0.016244620000000005,-0.016265639999999987,-4.7843440721978175e-05,-0.016265639999999987,-0.007763154864855482,0.06705408847194906,1.05318014204872
FinPFN,2014-01-31,500,-0.04439029169190082,0.045474504399999886,-0.00030983999999999943,-0.045784344399999885,-0.00031042162022308265,-0.045784344399999885,-0.021851642847319764,0.06731851579355934,1.0722287520375968
FinPFN,2014-02-28,500,-0.10686053626541019,0.0842087843999999,0.028804460000000004,-0.0554043243999999,-0.0007472764773804908,-0.0554043243999999,-0.026443001966100988,0.06775844709337278,1.079087050814513
FinPFN,2014-03-31,500,0.19990352920948645,-0.0408439756000001,0.022479479999999996,0.0633234556000001,0.0013979267776887164,0.0633234556000001,0.030222591450480972,0.06559813677312704,1.0156271303581277
FinPFN,2014-04-30,500,0.23848353565774755,-0.0411200956000001,-0.0001688600000000018,0.0409512356000001,0.001667717032571661,0.0409512356000001,0.01954492930311897,0.06532644658687167,1.0242373926449906
FinPFN,2014-05-31,500,0.1717723872120862,-0.028442495600000114,0.015244060000000004,0.04368655560000012,0.0012012055049796238,0.04368655560000012,0.02085042436909465,0.06579624340691154,1.0231046163944004
FinPFN,2014-06-30,500,-0.0979644102087867,0.07156518439999988,0.03507814439999989,-0.03648703999999999,-0.0006850658056558511,-0.03648703999999999,-0.017414288160821016,0.06769579831832614,1.065909856818436
FinPFN,2014-07-31,500,0.2568877697163854,-0.09911688000000002,-0.02654998,0.07256690000000002,0.0017964179700446531,0.07256690000000002,0.03463424019973895,0.06519683930476859,1.0125035050741757
FinPFN,2014-08-31,500,0.14519565420609637,-0.0167204756000001,0.045394779999999996,0.0621152556000001,0.001015354225217457,0.0621152556000001,0.02964594990992564,0.06598340349850301,1.01605412535692
FinPFN,2014-09-30,500,0.08889086116622592,-0.06284649999999999,-0.04126292,0.021583579999999984,0.0006216144137498316,0.021583579999999984,0.010301265371543787,0.06637991612554436,1.03290267452778
FinPFN,2014-10-31,500,0.139130184346603,-0.03465660000000001,-0.00023376000000000064,0.03442284000000001,0.0009729383520741468,0.03442284000000001,0.016429100718332767,0.06602611807497832,1.0270316931013472
FinPFN,2014-11-30,500,0.0763546800394791,-0.058630140000000004,0.0005542400000000014,0.05918438000000001,0.0005339488114648888,0.05918438000000001,0.02824712138719755,0.06646819909122567,1.0171079247533035
FinPFN,2014-12-31,500,-0.001104822010232881,-0.012287835600000104,-0.008204839999999996,0.004082995600000108,-7.726028043586581e-06,0.004082995600000108,0.0019487045794278238,0.06701368854227997,1.041718586952739
FinPFN,2015-01-31,500,0.10478429503742533,-0.03233987560000011,-0.03954746,-0.00720758439999989,0.0007327573079540233,-0.00720758439999989,-0.0034399872306724896,0.06626799053490211,1.0479145420638818
FinPFN,2015-02-28,500,0.027070000827763833,0.07955200439999989,0.07797008,-0.0015819243999998928,0.0001893007050892576,-0.0015819243999998928,-0.0007550101995182954,0.06681527429694198,1.0447768462259814
FinPFN,2015-03-31,500,0.07007069878146205,-0.013985235600000106,0.010317284399999894,0.02430252,0.0004900048865836507,0.02430252,0.01159894270168575,0.06651245248036664,1.0316175978793327
FinPFN,2015-04-30,500,0.12330262000679532,-0.0019081356000001078,0.054725704399999894,0.056633840000000005,0.0008622560839636036,0.056633840000000005,0.027029816872342398,0.0661375797956812,1.0180457148906825
FinPFN,2015-05-31,500,0.17230111347490754,-0.03536938,0.0081457,0.04351508,0.0012049028914329198,0.04351508,0.02076858365220033,0.06579251998252549,1.023174971692951
FinPFN,2015-06-30,500,-0.114836980152711,0.02923580439999989,-0.0425521356000001,-0.07178794,-0.0008030558052637134,-0.07178794,-0.034262463428979976,0.0678146192334242,1.0915436914610879
FinPFN,2015-07-31,500,0.2299739372001504,-0.038320119999999985,-0.005934439999999998,0.032385679999999986,0.0016082093510500029,0.032385679999999986,0.015456818744522378,0.06538637333657306,1.0279298976383708
FinPFN,2015-08-31,500,0.15529741418817952,-0.10429732000000001,-0.04014856,0.06414876000000001,0.0010859959034138428,0.06414876000000001,0.030616487163643562,0.06591226434369961,1.0153379435119643
FinPFN,2015-09-30,500,0.2885179826492156,-0.1227235,-0.040811959999999994,0.08191154,0.002017608270274235,0.08191154,0.039094186901886735,0.06497409132636837,1.009603035293208
FinPFN,2015-10-31,500,0.06420869536001021,0.010655404399999896,0.045985944399999895,0.03533054,0.0004490118556644071,0.03533054,0.016862321647286637,0.06655373419460221,1.0266355076399907
FinPFN,2015-11-30,500,-0.002703521626969592,0.03594003999999999,-0.020715840000000006,-0.05665588,-1.8905745643144e-05,-0.05665588,-0.027040335974770666,0.06702494699028518,1.080003719208412
FinPFN,2015-12-31,500,0.11630991272604582,-0.10553309999999999,-0.04677664000000001,0.05875645999999998,0.0008133560330492714,0.05875645999999998,0.028042886618091067,0.06618682421315127,1.0172639156855094
FinPFN,2016-01-31,500,0.4098805898173204,-0.15207040000000002,-0.017416300000000003,0.13465410000000003,0.0028662978308903525,0.13465410000000003,0.06426679992227405,0.06411942507870567,0.9981427067949616
FinPFN,2016-02-29,500,-0.0009583725465196258,0.031597148799999794,-0.012877979999999997,-0.04447512879999979,-6.701905919717662e-06,-0.04447512879999979,-0.021226789263059605,0.06701265720802847,1.0713207420249868
FinPFN,2016-03-31,500,-0.022044992536477303,0.09039148000000001,0.09871603759999957,0.00832455759999956,-0.00015416078696837274,0.00832455759999956,0.003973088659911711,0.06716115453190143,1.0394947022952643
FinPFN,2016-04-30,500,-0.11215419590932137,0.12671631759999957,0.054899604399999885,-0.07181671319999969,-0.0007842950762889606,-0.07181671319999969,-0.03427619610765448,0.06779572638663976,1.091566452804205
FinPFN,2016-05-31,500,0.17048046920896676,-0.04477755560000011,0.008983540000000002,0.053761095600000114,0.0011921711133494179,0.053761095600000114,0.025658732816360247,0.06580534142101802,1.019125108477664
FinPFN,2016-06-30,500,0.04216923335242112,0.010659173199999674,-0.006897680000000001,-0.017556853199999674,0.0002948897437232246,-0.017556853199999674,-0.008379416385161058,0.0667089416735289,1.0539524315024456
FinPFN,2016-07-31,500,-0.034834317009315295,0.06619660879999979,0.0415747,-0.024621908799999793,-0.0002435966224427643,-0.024621908799999793,-0.011751378432250225,0.0672512201972031,1.0582751523160345
FinPFN,2016-08-31,500,0.053896638054149175,-0.019023495600000103,0.03971168439999989,0.05873518,0.000376899566812232,0.05873518,0.02803273024333274,0.06662635431647447,1.0172716871290015
FinPFN,2016-09-30,500,-0.10037245998817289,0.04862520439999989,0.01936436,-0.029260844399999892,-0.0007019053146026076,-0.029260844399999892,-0.013965418302239484,0.06771275641536406,1.061203597608807
FinPFN,2016-10-31,500,0.23242530842182893,-0.09760211560000011,-0.038185659999999996,0.05941645560000011,0.0016253518071456569,0.05941645560000011,0.028357884863037114,0.0653691101589556,1.0170235527964164
FinPFN,2016-11-30,500,-0.01572907138112236,0.0995461019999995,0.006589699999999996,-0.09295640199999951,-0.00010999350616169482,-0.09295640199999951,-0.04436560408356257,0.06711667621390596,1.1091647692252442
FinPFN,2016-12-31,500,0.046767522640927914,-0.030783619999999998,0.005392064399999893,0.036175684399999894,0.0003270456128736218,0.036175684399999894,0.017265686461727665,0.06667655935459575,1.0262688559871351
FinPFN,2017-01-31,500,0.1395910484147495,0.03484732439999989,0.05585716,0.02100983560000011,0.0009761611777255211,0.02100983560000011,0.010027432517131504,0.06602287255337166,1.0331767328118577
FinPFN,2017-02-28,500,0.05488189933358663,0.050484844399999895,0.0014514000000000016,-0.0490334443999999,0.0003837895058292771,-0.0490334443999999,-0.023402351363640182,0.06661941585676012,1.0745082593990747
FinPFN,2017-03-31,500,0.027397418740439113,0.009024108799999786,0.005123539999999999,-0.003900568799999787,0.00019159034084223155,-0.003900568799999787,-0.001861637147718865,0.06681296853699356,1.046057855364674
FinPFN,2017-04-30,500,0.09816606049593561,-0.03211286,-0.01256224,0.019550619999999998,0.0006864759475240253,0.019550619999999998,0.009330987945383088,0.06631459782040555,1.0338782891711287
FinPFN,2017-05-31,500,0.08823262798876166,-0.023056391200000213,0.004771324399999891,0.027827715600000105,0.0006170113845367949,0.027827715600000105,0.01328142426230728,0.06638455157045609,1.0299849686729268
FinPFN,2017-06-30,500,0.0066514395544310856,0.03877551759999957,0.02276818,-0.016007337599999574,4.65135633176999e-05,-0.016007337599999574,-0.007639874038944725,0.06695906698196545,1.0530263020042905
FinPFN,2017-07-31,500,0.08573522134440377,0.00013964439999989586,0.02295530439999989,0.022815659999999995,0.0005995470024084179,0.022815659999999995,0.010889304197307251,0.066402138941191,1.032317550748317
FinPFN,2017-08-31,500,0.031409333005884464,-0.03132616,-0.009869740000000002,0.021456419999999997,0.00021964568535583543,0.021456419999999997,0.010240575305083757,0.06678471561963127,1.0329633277489527
FinPFN,2017-09-30,500,0.10017063603820588,0.0626373843999999,0.10499234000000002,0.04235495560000012,0.000700493958309132,0.04235495560000012,0.02021488730949899,0.06630048109123464,1.0236532735661568
FinPFN,2017-10-31,500,0.0946107661413427,-0.01748427560000011,-0.019978,-0.00249372439999989,0.0006616137492401588,-0.00249372439999989,-0.0011901879487968491,0.06633963510459283,1.0452785629834196
FinPFN,2017-11-30,500,0.024372152507790967,0.045590144399999886,0.0454490243999999,-0.00014111999999998764,0.00017043463292161514,-0.00014111999999998764,-6.735280102893649e-05,0.06683427322877278,1.0439894137995545
FinPFN,2017-12-31,500,-0.028846876387731986,0.0272807643999999,0.005480500000000004,-0.021800264399999898,-0.00020172640830581808,-0.021800264399999898,-0.010404683039339068,0.06720905512240322,1.056528981274538
FinPFN,2018-01-31,500,-0.08385617562548013,0.023100864399999893,0.0078264,-0.015274464399999892,-0.0005864068225558051,-0.015274464399999892,-0.007290093265000402,0.06759644455365496,1.0525910007649655
FinPFN,2018-02-28,500,0.07499420757655235,-0.060470555600000114,-0.024309420000000005,0.03616113560000011,0.0005244350180178487,0.03616113560000011,0.017258742708669308,0.06647777988321812,1.0262751495574016
FinPFN,2018-03-31,500,-0.016975832571168237,0.046409944399999896,0.002965724399999895,-0.04344422,-0.00011871211588229536,-0.04344422,-0.020734764069710882,0.06712545622228656,1.0706099788846943
FinPFN,2018-04-30,500,0.05095863583454334,-0.036163379999999995,0.01922148,0.055384859999999994,0.00035635409674505833,0.055384859999999994,0.026433712128655258,0.06664704447295057,1.018511988797485
FinPFN,2018-05-31,500,-0.05985528804031426,0.10336084879999978,0.03331906,-0.07004178879999978,-0.0004185684478343654,-0.07004178879999978,-0.0334290721709013,0.06742742421854817,1.09016828155988
FinPFN,2018-06-30,500,-0.00014548860639651353,-0.007855279999999997,-0.0074854399999999995,0.000369839999999998,-1.017402841933661e-06,0.000369839999999998,0.00017651473875101984,0.06700693267323889,1.0437117391958712
FinPFN,2018-07-31,500,0.16766055873764937,-0.04530454,0.01700656,0.062311099999999994,0.0011724514597038418,0.062311099999999994,0.029739421203192545,0.06582519994546392,1.0159846172803204
FinPFN,2018-08-31,500,0.02000782595205519,0.012420399999999998,0.007471260000000002,-0.004949139999999996,0.00013991486679758875,-0.004949139999999996,-0.0023620921321172027,0.06686500792282725,1.0466427854019273
FinPFN,2018-09-30,500,0.03824844518896515,-0.02095351560000011,-0.03710402,-0.01615050439999989,0.000267471644678078,-0.01615050439999989,-0.007708203722861758,0.06673655285777859,1.0531115425641517
FinPFN,2018-10-31,500,0.2698704842639809,-0.12392709120000023,-0.03541877999999999,0.08850831120000024,0.0018872061836642021,0.08850831120000024,0.042242649331500355,0.065105411737532,1.007711513922625
FinPFN,2018-11-30,500,0.14201232057131719,-0.030203879999999995,0.015611579999999998,0.045815459999999995,0.000993093150848372,0.045815459999999995,0.02186649349085508,0.06600582134100147,1.0222384598915373
FinPFN,2018-12-31,500,0.21720364348893687,-0.19298488000000003,-0.10572118,0.08726370000000003,0.0015189065978247333,0.08726370000000003,0.041648629699187374,0.06547630498242668,1.0080584858690014
FinPFN,2019-01-31,500,-0.04166448465153069,0.11551244439999991,0.1265344443999999,0.011021999999999976,-0.00029136003252818664,0.011021999999999976,0.005260505760636348,0.06729931996933138,1.038109589617963
FinPFN,2019-02-28,500,0.0038481788098995396,0.0771639375999996,0.03416204,-0.043001897599999596,2.691034132796881e-05,-0.043001897599999596,-0.02052365542034955,0.06697880825481427,1.0703061570337953
FinPFN,2019-03-31,500,0.1259927612331383,0.017415884399999894,0.012697479999999999,-0.004718404399999895,0.0008810682603715965,-0.004718404399999895,-0.0022519682024325343,0.06611863513915765,1.0465137723333864
FinPFN,2019-04-30,500,0.12903479433284762,0.0017734643999998956,0.03269794,0.030924475600000105,0.0009023412191108226,0.030924475600000105,0.01475942497173463,0.06609721237084984,1.028581872821069
FinPFN,2019-05-31,500,0.18703560796036883,-0.07253169120000022,-0.04458784,0.027943851200000223,0.0013079413144081737,0.027943851200000223,0.013336852677550937,0.06568875593685322,1.0299318249049574
FinPFN,2019-06-30,500,0.16906801644496341,-0.018439511200000213,0.07335286,0.09179237120000022,0.0011822938212934504,0.09179237120000022,0.043810043320638016,0.06581528827146874,1.00681812576301
FinPFN,2019-07-31,500,0.20780811518204073,-0.05592213999999998,0.014533364399999893,0.07045550439999987,0.0014532036026716135,0.07045550439999987,0.03362652755985662,0.06554247067472876,1.0131947000882686
FinPFN,2019-08-31,500,0.12251206476410982,-0.028918399999999997,-0.029687139999999997,-0.0007687400000000004,0.0008567277256231456,-0.0007687400000000004,-0.00036689903814476476,0.06614314708612265,1.0443316149825157
FinPFN,2019-09-30,500,0.19501889818116802,-0.005358031200000211,0.025560819999999995,0.030918851200000205,0.0013637685187494267,0.030918851200000205,0.014756740596067817,0.06563253558318562,1.0285843948400322
FinPFN,2019-10-31,500,0.1841790994269062,-0.04363277560000011,0.015861039999999996,0.05949381560000011,0.0012879657302580852,0.05949381560000011,0.02839480672165105,0.06570887219413112,1.0169954637894327
FinPFN,2019-11-30,500,-0.10035549061697743,0.01940851319999968,-0.0015862556000001062,-0.020994768799999786,-0.0007017866476711709,-0.020994768799999786,-0.01002024153652943,0.06771263691275001,1.056035336037539
FinPFN,2019-12-31,500,-0.05900735268156664,0.14820682199999946,0.0692811,-0.07892572199999946,-0.00041263882994102547,-0.07892572199999946,-0.03766913584135193,0.06742145284278234,1.097287725380347
FinPFN,2020-01-31,500,0.18556713748684134,-0.0488628712000002,0.01868142879999979,0.06754429999999999,0.0012976722901177715,0.06754429999999999,0.03223708757468249,0.06569909727821607,1.0141693816175394
FinPFN,2020-02-29,500,-0.030753894325047586,-0.03540233120000022,-0.08778917999999997,-0.05238684879999975,-0.00021506219807725585,-0.05238684879999975,-0.02500284157992965,0.06722248482618712,1.0769002412234463
FinPFN,2020-03-31,500,0.052931085614271164,-0.1810449112000002,-0.1901508,-0.009105888799999795,0.0003701474518480501,-0.009105888799999795,-0.004345997141001001,0.06663315398154404,1.048996132374148
FinPFN,2020-04-30,500,-0.1814852328197623,0.1775225463999994,0.0927556643999999,-0.0847668819999995,-0.0012691275022361,-0.0847668819999995,-0.04045696525786426,0.06828397312544568,1.1021364129767015
FinPFN,2020-05-31,500,-0.08651811488931219,0.06032089319999968,0.05441595319999967,-0.005904940000000004,-0.0006050217824427426,-0.005904940000000004,-0.002818269904392314,0.06761519060480871,1.0471790185280665
FinPFN,2020-06-30,500,-0.042952967559506935,0.05923817319999968,0.06692996879999978,0.0076917956000000995,-0.0003003704025140345,0.0076917956000000995,0.0036710882837450486,0.06730839379262699,1.0398228984312863
FinPFN,2020-07-31,500,0.11405748812256088,0.03159663079999925,0.05044124439999989,0.018844613600000643,0.0007976048120458802,0.018844613600000643,0.008994029976389917,0.06620268635824623,1.0342200618155741
FinPFN,2020-08-31,500,0.12126327270498917,-0.08585121120000022,0.03865646,0.12450767120000023,0.0008479949140209033,0.12450767120000023,0.059424180873799574,0.06615194139639813,0.9996887041404858
FinPFN,2020-09-30,500,0.03680891778737038,-0.045939379999999995,-0.031497551200000216,0.014441828799999779,0.0002574050194921006,0.014441828799999779,0.006892698566187889,0.06674669037469123,1.036385972779154
FinPFN,2020-10-31,500,0.17111249671806256,-0.05097363120000022,-0.00939234,0.041581291200000224,0.0011965908861402976,0.041581291200000224,0.019845637986962362,0.06580089052306663,1.0239744826064172
FinPFN,2020-11-30,500,-0.08111451211620736,0.17421321759999955,0.11913162,-0.05508159759999956,-0.0005672343504629885,-0.05508159759999956,-0.026288973097428014,0.06757713706415304,1.0788515981082745
FinPFN,2020-12-31,500,0.002070059161761006,0.010136688799999785,0.039130899999999996,0.02899421120000021,1.447593819413291e-05,0.02899421120000021,0.013838161408338628,0.06699133022416735,1.0294530367454262
FinPFN,2021-01-31,500,-0.10612525047507435,0.11654701759999958,0.10179509319999967,-0.014751924399999908,-0.0007421346187068136,-0.014751924399999908,-0.007040698900986353,0.06775326902442676,1.0522816984356917
FinPFN,2021-02-28,500,0.061156140354697436,0.016046973199999676,0.055704260000000005,0.03965728680000033,0.00042766531716571636,0.03965728680000033,0.01892736215411087,0.06657523106083682,1.0247810629330532
FinPFN,2021-03-31,500,0.19985540406210414,-0.06672602680000032,0.04740522,0.11413124680000032,0.0013975902381965324,0.11413124680000032,0.054471791077845375,0.06559847568261563,1.0015986194176063
FinPFN,2021-04-30,500,0.2216309344385946,-0.044016155600000106,0.0383108,0.08232695560000011,0.0015498666743957664,0.08232695560000011,0.03929245365536694,0.06544512687714739,1.009480107302956
FinPFN,2021-05-31,500,0.019399570254178437,-0.006409999999999996,-0.01019478,-0.003784780000000004,0.00013566133044880027,-0.003784780000000004,-0.0018063742508384415,0.06686929141365737,1.0459934789241274
FinPFN,2021-06-30,500,-0.037591451778976555,0.026889959999999994,-0.0027643399999999997,-0.029654299999999995,-0.0002628772851676682,-0.029654299999999995,-0.014153204135151403,0.06727063663924296,1.0614552953112264
FinPFN,2021-07-31,500,0.4005913817358615,-0.15261515999999997,-0.01484546,0.13776969999999997,0.0028013383338172135,0.13776969999999997,0.0657537924597299,0.0641848420370258,0.9977326310374943
FinPFN,2021-08-31,500,0.0021912572909309766,0.027696184399999893,0.007608780000000001,-0.02008740439999989,1.532347755895788e-05,-0.02008740439999989,-0.009587180780478278,0.06699047671621544,1.0554818237081447
FinPFN,2021-09-30,500,0.08438206856027056,-0.03820391560000011,-0.04058368,-0.002379764399999887,0.0005900843955263676,-0.002379764399999887,-0.001135797889235777,0.06641166818614969,1.045215712448299
FinPFN,2021-10-31,500,0.1162909827458983,-0.006815719999999998,0.025760540000000002,0.03257626,0.0008132236555657224,0.03257626,0.015547777480492454,0.06618695752287061,1.027845338112874
FinPFN,2021-11-30,500,0.1381552586692599,-0.053143795600000106,-0.04274361999999999,0.010400175600000117,0.0009661206899948245,0.010400175600000117,0.004963725608367839,0.06603298374876243,1.038426885706802
FinPFN,2021-12-31,500,0.16394667337140406,-0.0829918156000001,-0.007368520000000002,0.0756232956000001,0.001146480233366462,0.0756232956000001,0.0360929760607972,0.06585135406776141,1.011526348851058
LightGBM,2010-02-28,500,0.06016973301115298,0.05260138879999978,0.04727048,-0.005330908799999784,0.0004207673637143565,-0.005330908799999784,-0.0017367691342174277,0.04311452528318195,1.6299760172837137
LightGBM,2010-03-31,500,0.17361573862973229,0.028692260000000004,0.0757443243999999,0.04705206439999989,0.0012140960743337922,0.04705206439999989,0.015329201120667038,0.04231560975065674,1.6020361749933294
LightGBM,2010-04-30,500,0.015072745064410878,0.1419910375999996,0.10509232879999977,-0.03689870879999982,0.0001054038116392369,-0.03689870879999982,-0.012021315865752433,0.04343210970534211,1.6542265343638887
LightGBM,2010-05-31,500,0.11610906758274135,-0.10506229560000012,-0.0842713156000001,0.020790980000000014,0.0008119515215576318,0.020790980000000014,0.00677354156464529,0.0427205863073257,1.61417651179972
LightGBM,2010-06-30,500,-0.016776499422385602,-0.11354570000000001,-0.07624948,0.03729622000000002,-0.00011731817777892029,0.03729622000000002,0.012150821960973215,0.04365640015947447,1.6061135387712568
LightGBM,2010-07-31,500,0.09910860032743407,0.01251422,0.10024626879999979,0.0877320487999998,0.0006930671351568816,0.0877320487999998,0.028582427528586297,0.04284030790771518,1.5905251124392934
LightGBM,2010-08-31,500,-0.0317483388031561,-0.05888458,-0.051120139999999994,0.007764440000000004,-0.00022201635526682587,0.007764440000000004,0.0025295949044342528,0.04376183564807146,1.6215845555580088
LightGBM,2010-09-30,500,0.07807905365044503,0.07698224,0.12397094879999977,0.04698870879999978,0.0005460073681849303,0.04698870879999978,0.015308560352894003,0.04298840330684891,1.6020610108223203
LightGBM,2010-10-31,500,-0.07719444233576939,0.028260179999999996,0.012587264399999895,-0.0156729156000001,-0.0005398212750753104,-0.0156729156000001,-0.005106115500845952,0.04408187863069549,1.6372849834336274
LightGBM,2010-11-30,500,0.12499376596245082,0.03238817319999968,0.054824288799999794,0.02243611560000011,0.0008740822794576981,0.02243611560000011,0.007309514104952592,0.04265801800887704,1.6133067872864435
LightGBM,2010-12-31,500,0.007766575998293171,0.1055860443999999,0.0711528,-0.034433244399999896,5.431172026778441e-05,-0.034433244399999896,-0.011218086504291225,0.04348356160017392,1.652121782798835
LightGBM,2011-01-31,500,0.020732819428865387,0.00946656,0.0424056843999999,0.0329391243999999,0.0001449847512508069,0.0329391243999999,0.010731313686339991,0.04339225002671919,1.60809938648238
LightGBM,2011-02-28,500,0.09765548799687929,0.0209994,0.06838888439999989,0.04738948439999989,0.0006829055104676874,0.04738948439999989,0.015439129964557157,0.042850541093141625,1.6019042655140754
LightGBM,2011-03-31,500,0.03695006957388168,-0.015504899999999999,-0.0067500156000001085,0.00875488439999989,0.0002583920949222495,0.00875488439999989,0.002852274081215212,0.04327804403978245,1.6209886059403178
LightGBM,2011-04-30,500,0.02550826570625335,0.007978800000000001,-0.025596020000000004,-0.033574820000000005,0.00017837948046331014,-0.033574820000000005,-0.010938418429313281,0.0433586201233573,1.6513975214151126
LightGBM,2011-05-31,500,0.011904816762129513,-0.020420755600000104,-0.027886780000000003,-0.0074660243999998994,8.325046686803855e-05,-0.0074660243999998994,-0.002432373394426583,0.04345441905958353,1.631435229217612
LightGBM,2011-06-30,500,-0.16196735141827215,-0.00432456,-0.02237945560000011,-0.018054895600000113,-0.0011326388211067983,-0.018054895600000113,-0.005882146286126582,0.0446788709481779,1.639054996448702
LightGBM,2011-07-31,500,-0.010795243699146506,-0.03725772,-0.02879864,0.00845908,-7.54912146793462e-05,0.00845908,0.002755903280107991,0.04361427864029673,1.6211660247042132
LightGBM,2011-08-31,500,0.05199314728655589,-0.13936811560000012,-0.07461357560000009,0.06475454000000003,0.00036358844256332787,0.06475454000000003,0.021096531678135706,0.04317210687279179,1.595936928006722
LightGBM,2011-09-30,500,-0.008312645044551856,-0.15797650000000002,-0.09589303560000012,0.0620834643999999,-5.813038492693606e-05,0.0620834643999999,0.020226315767249797,0.04359679555117987,1.5967499431960266
LightGBM,2011-10-31,500,0.11671723733945681,0.0839290931999997,0.1229408043999999,0.0390117112000002,0.0008162044569192784,0.0390117112000002,0.012709715815278516,0.04271630342171502,1.6053596245020996
LightGBM,2011-11-30,500,0.112248913323345,-0.048182375600000105,0.003432388799999786,0.05161476439999989,0.0007849574358275874,0.05161476439999989,0.016815693729337097,0.04274777049225102,1.6003039707576778
LightGBM,2011-12-31,500,0.06494834914595952,-0.03071058,0.002701659999999999,0.03341224,0.00045418425976195473,0.03341224,0.010885451114276662,0.0430808730568805,1.6078788157505715
LightGBM,2012-01-31,500,0.0403438956454181,0.07840823999999999,0.15877519759999958,0.0803669575999996,0.00028212514437355314,0.0803669575999996,0.026182937395335983,0.04325414385618008,1.5919499922477678
LightGBM,2012-02-29,500,0.01765754347773602,0.024690580000000004,0.01358064,-0.011109940000000004,0.000123479325019133,-0.011109940000000004,-0.0036195331038130604,0.04341390689961446,1.6339852001302748
LightGBM,2012-03-31,500,0.008969316092527957,-0.027834719999999997,0.0068839400000000025,0.03471866,6.272249015753816e-05,0.03471866,0.0113110727141668,0.043475091599510296,1.6072760006968059
LightGBM,2012-04-30,500,-0.06523412564260968,-0.007335675600000107,-0.035834059999999994,-0.02849838439999989,-0.00045618269680146626,-0.02849838439999989,-0.009284554708755336,0.043997651048349296,1.6472043335077158
LightGBM,2012-05-31,500,0.19559821984858883,-0.16685192000000001,-0.05813024000000001,0.10872168000000001,0.0013678197192209009,0.10872168000000001,0.035420688128124024,0.04216080354489015,1.5880906476403578
LightGBM,2012-06-30,500,0.043484595854625246,0.03765290000000001,0.027448579999999997,-0.010204320000000013,0.00030408808289947726,-0.010204320000000013,-0.0033244890649185973,0.04323202624907299,1.6333444186964787
LightGBM,2012-07-31,500,-0.035978114502882345,-0.024455400000000002,0.027890864399999892,0.0523462643999999,-0.00025159520631386255,0.0523462643999999,0.017054010809846917,0.04379162280088642,1.600036607129452
LightGBM,2012-08-31,500,0.07516835408553803,-0.007815459999999998,0.01609854,0.023913999999999998,0.0005256528257729932,0.023913999999999998,0.00779099748914805,0.04300890119110882,1.6125380014423896
LightGBM,2012-09-30,500,-0.07895198465126531,0.08052356879999978,0.00015702000000000126,-0.08036654879999977,-0.0005521117807780791,-0.08036654879999977,-0.0261828042114365,0.04409425568925532,1.6976111239720653
LightGBM,2012-10-31,500,0.17701102677502437,-0.0936381,-0.00030431999999999904,0.09333378,0.0012378393480770935,0.09333378,0.030407428520226504,0.042291699270760326,1.5896386501057795
LightGBM,2012-11-30,500,0.11183479139127084,-0.025528395600000107,0.02539028,0.05091867560000011,0.0007820614782606352,0.05091867560000011,0.016588913345753322,0.04275068684388535,1.6005610460261368
LightGBM,2012-12-31,500,0.0023622335056276275,0.026322959999999996,0.012542959999999999,-0.013779999999999997,1.6519115423969423e-05,-0.013779999999999997,-0.0044894181400209135,0.04352162035012227,1.6359016384139697
LightGBM,2013-01-31,500,0.09446234105452236,0.04792187999999999,0.11161712439999992,0.06369524439999993,0.0006605758115700865,0.06369524439999993,0.020751421309319684,0.04287302804343991,1.5962547876817375
LightGBM,2013-02-28,500,0.0017053512716178817,0.024805788799999787,0.007747864399999893,-0.017057924399999896,1.1925533367957216e-05,-0.017057924399999896,-0.005557340728045349,0.043526246281347686,1.6383101857706368
LightGBM,2013-03-31,500,0.07416884423548155,0.027998299999999997,0.061516384399999895,0.0335180843999999,0.0005186632464019689,0.0335180843999999,0.010919934406684439,0.043015939992869776,1.607829634918017
LightGBM,2013-04-30,500,-0.05221226562072384,0.029096284399999898,-0.00996902,-0.039065304399999896,-0.0003651207386064604,-0.039065304399999896,-0.012727176068127602,0.04390594780875855,1.6561064311229603
LightGBM,2013-05-31,500,0.17744106681482597,-0.007827120000000002,0.029260324399999885,0.037087444399999885,0.001240846621082699,0.037087444399999885,0.01208280447433792,0.0422886708197758,1.6062063677593026
LightGBM,2013-06-30,500,0.060606489698738,-0.06446756,-0.0075592,0.05690835999999999,0.0004238216062848811,0.05690835999999999,0.018540306509640097,0.043111449531860926,1.5984336625604898
LightGBM,2013-07-31,500,0.1714346660819607,0.0539650243999999,0.0998564443999999,0.045891419999999995,0.0011988438187549699,0.045891419999999995,0.014951072091387414,0.04233096941648612,1.6024945601846625
LightGBM,2013-08-31,500,-0.061534567615100094,0.00850146439999989,-0.019865079999999997,-0.028366544399999888,-0.0004303116616440566,-0.028366544399999888,-0.009241602249569533,0.04397159782280345,1.6470974699483776
LightGBM,2013-09-30,500,0.11042615615759073,0.0561802243999999,0.0676113043999999,0.011431080000000003,0.0007722108822209142,0.011431080000000003,0.0037241580487685257,0.042760606810319714,1.6194053590982904
LightGBM,2013-10-31,500,0.07943346517228049,0.0007806200000000018,0.023252964399999895,0.022472344399999893,0.0005554787774285349,0.022472344399999893,0.0073213171696775705,0.04297886519754021,1.6132877997099473
LightGBM,2013-11-30,500,0.1137863326070745,0.03507914,0.039372008799999796,0.004292868799999794,0.0007957086196298917,0.004292868799999794,0.0013985836765928075,0.04273694359588673,1.6237161873037986
LightGBM,2013-12-31,500,-0.031534929167070014,0.0583898243999999,0.0276585,-0.030731324399999902,-0.0002205239801893008,-0.030731324399999902,-0.010012029406983083,0.04376033276331028,1.6490298869888091
LightGBM,2014-01-31,500,-0.12523188293866228,0.0470307243999999,0.03020764439999989,-0.016823080000000008,-0.0008757474331374984,-0.016823080000000008,-0.005480830226634476,0.044420170465927125,1.6381355735344805
LightGBM,2014-02-28,500,0.03019159638937734,0.0679024,0.09431032439999988,0.02640792439999988,0.00021113004468096042,0.02640792439999988,0.008603498899975354,0.04332563892136347,1.6112674988379114
LightGBM,2014-03-31,500,0.124125334459354,-0.02489765560000011,0.026269539999999994,0.051167195600000104,0.0008680093318835944,0.051167195600000104,0.016669879252586266,0.04266413372368758,1.6004689670084025
LightGBM,2014-04-30,500,-0.09578160142516416,-0.04530454,-0.09220753999999999,-0.04690299999999999,-0.0006698014085675816,-0.04690299999999999,-0.015280637084281633,0.044212774117240526,1.663146299960203
LightGBM,2014-05-31,500,0.044299186259925516,-0.03992134000000001,0.011180859999999999,0.05110220000000001,0.00030978451930017845,0.05110220000000001,0.016648704185411957,0.04322628969692299,1.6004930166303402
LightGBM,2014-06-30,500,0.05543201505842861,0.06351002439999989,0.045429744399999895,-0.018080279999999997,0.0003876364689400602,-0.018080279999999997,-0.0058904163286398635,0.04314788949411663,1.6390740353228601
LightGBM,2014-07-31,500,0.042736347971064244,-0.08154295999999998,-0.05032398,0.031218979999999986,0.0002988555802172325,0.031218979999999986,0.01017090385522134,0.043237295600365676,1.6089114827601936
LightGBM,2014-08-31,500,0.14930975115617587,0.009363764399999898,0.05840556,0.049041795600000104,0.0010441241339592719,0.049041795600000104,0.015977440260220487,0.04248677867652686,1.6012671050162202
LightGBM,2014-09-30,500,-0.027591028108664702,-0.04511723560000012,-0.05252082,-0.007403584399999885,-0.00019294425250814478,-0.007403584399999885,-0.002412030922099807,0.043732558812194754,1.6313921901465938
LightGBM,2014-10-31,500,0.048929287532998515,0.009263279999999999,0.01552384000000001,0.0062605600000000105,0.0003421628498811085,0.0062605600000000105,0.002039642353460768,0.04319368334992952,1.622499791583589
LightGBM,2014-11-30,500,0.09301067304912078,-0.034447735600000105,0.009384660000000003,0.04383239560000011,0.0006504242870567886,0.04383239560000011,0.014280257759594584,0.04288325105756246,1.6033254790160398
LightGBM,2014-12-31,500,0.01783094500035929,-0.015170215600000106,-0.01261692,0.0025532956000001057,0.0001246919230794356,0.0025532956000001057,0.000831844091689119,0.043412685762131205,1.6248094449742805
LightGBM,2015-01-31,500,0.12757720097885691,-0.04306128,-0.011307479999999998,0.0317538,0.000892148258593405,0.0317538,0.01034514410265574,0.042639824804536146,1.6086572831646848
LightGBM,2015-02-28,500,0.047424533665456986,0.09845686439999989,0.07054277999999999,-0.0279140843999999,0.00033164009556263627,-0.0279140843999999,-0.009094194257433554,0.04320428020815164,1.6467315071937139
LightGBM,2015-03-31,500,0.058085143675054664,-0.00424775120000021,0.00776390879999979,0.01201166,0.0004061898159094732,0.01201166,0.003913306552667897,0.0431292054897742,1.619067082341327
LightGBM,2015-04-30,500,0.039197249492668194,-0.007607039999999997,0.009362480000000001,0.01696952,0.0002741066398088685,0.01696952,0.005528539253660936,0.043262218829086777,1.616253575161288
LightGBM,2015-05-31,500,0.19157799150770982,-0.053656880000000004,0.036394744399999894,0.09005162439999989,0.0013397062343196492,0.09005162439999989,0.029338127439746696,0.042189115012079434,1.5901372985431879
LightGBM,2015-06-30,500,-0.03865773098099472,-0.04784268,-0.0013762756000001031,0.0464664043999999,-0.00027033378308387914,0.0464664043999999,0.015138397591792972,0.04381049333946468,1.602266575435827
LightGBM,2015-07-31,500,0.04098527831125783,-0.07154203999999999,-0.032205,0.03933703999999999,0.0002866103378409639,0.03933703999999999,0.01281570543909494,0.04324962707684318,1.6052184309107553
LightGBM,2015-08-31,500,0.04171995389388486,-0.08423338000000001,-0.05016052,0.03407286000000001,0.00029174792932786615,0.03407286000000001,0.011100676035297028,0.04324445330513454,1.6075728424563993
LightGBM,2015-09-30,500,0.03685443060083752,-0.11414738000000002,-0.06639546,0.04775192000000002,0.0002577232909149477,0.04775192000000002,0.015557208698753815,0.04327871755367713,1.6017632545271776
LightGBM,2015-10-31,500,0.06761599103357092,0.040366160000000005,0.04374888,0.003382719999999992,0.0004728390981368596,0.003382719999999992,0.0011020641894493113,0.04306208684640436,1.62428608624452
LightGBM,2015-11-30,500,-0.0865385162314006,0.03855048439999989,-0.015118491200000217,-0.053668975600000106,-0.0006051644491706336,-0.053668975600000106,-0.01748493995754574,0.04414768196798867,1.6695299171928921
LightGBM,2015-12-31,500,-0.006028160793200964,-0.06080585560000011,-0.021389259999999997,0.03941659560000012,-4.215497058182493e-05,0.03941659560000012,0.012841624042417205,0.04358070763391684,1.6051839898922753
LightGBM,2016-01-31,500,0.03142764097656582,-0.16416219999999998,-0.06999092,0.09417127999999998,0.00021977371312283792,0.09417127999999998,0.030680279586428782,0.04331693438201707,1.589520836130823
LightGBM,2016-02-29,500,0.11816787258842025,-0.04306971999999999,0.03870720879999979,0.08177692879999979,0.0008263487593595821,0.08177692879999979,0.026642295180690695,0.04270608768052514,1.5916544953228955
LightGBM,2016-03-31,500,-0.09836421170139738,0.13885554199999947,0.047058868799999785,-0.09179667319999968,-0.0006878616202894922,-0.09179667319999968,-0.029906650933066055,0.04423096151355202,1.7111198721282905
LightGBM,2016-04-30,500,-0.08698460812921305,0.11376492199999946,0.05235474000000001,-0.06141018199999945,-0.0006082839729315598,-0.06141018199999945,-0.0200069655335837,0.04415082346022678,1.6771897191695893
LightGBM,2016-05-31,500,-0.021849342969713997,0.0033229199999999957,0.008521804399999892,0.005198884399999896,-0.00015279260817981818,0.005198884399999896,0.0016937565989282495,0.04369212440980778,1.6231534392034275
LightGBM,2016-06-30,500,-0.06891896030298611,-0.006764975600000104,-0.014447315600000107,-0.007682340000000004,-0.0004819507713495532,-0.007682340000000004,-0.0025028473551384823,0.0440236005882111,1.6315845032126046
LightGBM,2016-07-31,500,0.03097481338604462,0.09515534439999992,0.06793314,-0.027222204399999922,0.00021660708661569664,-0.027222204399999922,-0.008868785068557096,0.043320123308710885,1.6461742309428382
LightGBM,2016-08-31,500,0.03381263530805771,0.036582044399999895,0.039796660000000005,0.003214615600000109,0.00023645199516124274,0.003214615600000109,0.0010472970673319816,0.04330013864728825,1.6243918496423584
LightGBM,2016-09-30,500,-0.05970116656577633,0.05195452,0.001033820000000001,-0.0509207,-0.00041749067528514916,-0.0509207,-0.01658957287972155,0.04395868654780822,1.6669023182602798
LightGBM,2016-10-31,500,0.1278403708612171,-0.09956179560000011,-0.06126574,0.038296055600000115,0.0008939886074210986,0.038296055600000115,0.012476560718569668,0.042637971495505446,1.605672218022049
LightGBM,2016-11-30,500,0.12821012146644964,0.08642762879999978,0.07991623319999969,-0.006511395600000094,0.0008965742759891583,-0.006511395600000094,-0.002121362664984963,0.04263536761800381,1.630779622646092
LightGBM,2016-12-31,500,0.05648286239881941,-0.031024079999999996,0.007562580000000001,0.038586659999999995,0.00039498505173999585,0.038586659999999995,0.012571237399624048,0.04314048916073359,1.6055449528338646
LightGBM,2017-01-31,500,0.08970362927317863,0.04083022439999989,0.08896424000000001,0.04813401560000012,0.0006272981068054449,0.04813401560000012,0.015681692509919465,0.04290654009823811,1.6016153548503356
LightGBM,2017-02-28,500,-0.05660256271179127,0.0591875043999999,0.002313400000000001,-0.0568741043999999,-0.0003958221168656732,-0.0568741043999999,-0.018529146298316607,0.04393686539390691,1.672654767853204
LightGBM,2017-03-31,500,0.10377598491642438,-0.011723271200000216,0.03327418,0.04499745120000022,0.000725706188226744,0.04499745120000022,0.014659823923946795,0.042807439002158915,1.6028525355006173
LightGBM,2017-04-30,500,-0.03770253871710057,-0.030309540000000003,-0.05229278,-0.021983239999999994,-0.0002636541169028012,-0.021983239999999994,-0.00716197071352927,0.04380376663338092,1.6420457278273428
LightGBM,2017-05-31,500,0.04403509765197273,-0.06069945999999999,-0.020686271200000213,0.04001318879999978,0.0003079377458179911,0.04001318879999978,0.013035989523860717,0.04322814947585223,1.6049267951776969
LightGBM,2017-06-30,500,0.03153840561820498,0.045934388799999795,0.059843024399999896,0.0139086356000001,0.00022054829103639845,0.0139086356000001,0.004531326630303419,0.04331615434932947,1.6179746917119753
LightGBM,2017-07-31,500,0.03491299351735747,-0.032983559999999995,0.01667382,0.049657379999999994,0.0002441468078136886,0.049657379999999994,0.016177992928730893,0.04329238964581431,1.6010334553797627
LightGBM,2017-08-31,500,-0.035891642269960854,0.005107084399999893,-0.015360915600000106,-0.020468,-0.0002509905053843416,-0.020468,-0.006668317161824969,0.04379101384149966,1.6408815407011113
LightGBM,2017-09-30,500,0.10220171801488137,0.04209598439999988,0.09078984000000002,0.04869385560000014,0.0007146973287753942,0.04869385560000014,0.015864084081146562,0.0428185253887895,1.6014000640186636
LightGBM,2017-10-31,500,0.1945925692433219,-0.04100358000000001,0.039437104399999895,0.0804406843999999,0.0013607871975057477,0.0804406843999999,0.026206957020396004,0.042167885591406114,1.5919342748490037
LightGBM,2017-11-30,500,0.019241938509433128,0.024398219999999998,0.038066859999999994,0.013668639999999996,0.0001345590105554764,0.013668639999999996,0.0044531379075047495,0.04340274918812364,1.6181118058639334
LightGBM,2017-12-31,500,-0.016123845139048625,0.03698294439999989,0.0506898243999999,0.013706880000000012,-0.00011275416181152884,0.013706880000000012,0.004465596205739472,0.04365180400254957,1.6180899374858915
LightGBM,2018-01-31,500,0.1190530979287901,0.03706428439999989,0.052742244399999895,0.015677960000000005,0.0008325391463551755,0.015677960000000005,0.0051077589276141006,0.04269985369925493,1.6169735679694384
LightGBM,2018-02-28,500,0.03361189606095529,-0.055824695600000106,-0.05152361999999999,0.0043010756000001135,0.00023504822420248456,0.0043010756000001135,0.0014012573889870717,0.04330155230395799,1.6237110694406323
LightGBM,2018-03-31,500,-0.06356410355502619,0.049221753199999684,0.0032523287999997874,-0.045969424399999896,-0.0004445042206645188,-0.045969424399999896,-0.014976485325666151,0.04398589032942265,1.6622879187962234
LightGBM,2018-04-30,500,0.040000192000768,-0.003501619999999999,0.02010086,0.023602480000000002,0.000279721622382993,0.023602480000000002,0.007689506666290336,0.04325656430438184,1.612699067459271
LightGBM,2018-05-31,500,0.04972259005041368,0.07458086439999989,0.04265023999999999,-0.0319306243999999,0.0003477104199329628,-0.0319306243999999,-0.010402752133784757,0.04318809671248293,1.6500226038016843
LightGBM,2018-06-30,500,-0.0507943877110087,0.04493778000000001,-0.0031007156000001103,-0.04803849560000012,-0.0003552055084685923,-0.04803849560000012,-0.0156505728277181,0.04389596275305633,1.6641976302636499
LightGBM,2018-07-31,500,0.11187924225737682,-0.0479411,0.01242858,0.06036968,0.0007823723234781596,0.06036968,0.0196679779752727,0.04275037380961699,1.5972916716247214
LightGBM,2018-08-31,500,0.0551165137572406,0.01906156,0.021202240000000004,0.0021406800000000024,0.00038543016613454967,0.0021406800000000024,0.0006974170989825821,0.04315011133426584,1.6250712259169822
LightGBM,2018-09-30,500,-0.005400264452398193,-0.0008445956000001059,-0.044141980000000004,-0.043297384399999896,-3.776408707970764e-05,-0.043297384399999896,-0.014105955220668947,0.04357628582869992,1.6598608667882875
LightGBM,2018-10-31,500,0.03758753286237766,-0.12913151120000022,-0.07180062000000001,0.057330891200000206,0.00026284988015648714,0.057330891200000206,0.01867796392865358,0.04327355486169445,1.5982908269425018
LightGBM,2018-11-30,500,0.0038944077091626218,-0.036839580000000004,-0.03686954,-2.9959999999995546e-05,2.7233620343794557e-05,-2.9959999999995546e-05,-9.760737842888722e-06,0.04351083039094245,1.626463986208958
LightGBM,2018-12-31,500,0.1503233964641036,-0.17994492,-0.14250385999999998,0.037441060000000026,0.001051212562686039,0.037441060000000026,0.012198009720291114,0.042479640329287936,1.6060492752075517
LightGBM,2019-01-31,500,0.1292395637792869,0.11610320879999979,0.18363662879999978,0.06753342,0.0009037731732817265,0.06753342,0.022001869434372365,0.042628118024251434,1.5951316178601262
LightGBM,2019-02-28,500,0.12336631501459641,0.03220747319999967,0.097824,0.06561652680000032,0.0008627015035985763,0.06561652680000032,0.021377360355666904,0.04266947893104502,1.5956827047556321
LightGBM,2019-03-31,500,0.04327948054370655,-0.029807700000000006,-0.02937316,0.00043454000000000756,0.00030265371009584996,0.00043454000000000756,0.00014156979380005238,0.043233470723093546,1.6261637372102256
LightGBM,2019-04-30,500,0.05697911065143998,-0.015121779999999998,0.06488510879999979,0.08000688879999979,0.000398455319240839,0.08000688879999979,0.026065629746397326,0.043136994454729224,1.5920271747918524
LightGBM,2019-05-31,500,0.06334531383920708,-0.0827472956000001,-0.050612351200000204,0.0321349443999999,0.0004429742226517978,0.0321349443999999,0.01046931802016858,0.04309216203791397,1.6084770651987716
LightGBM,2019-06-30,500,0.07926555476933923,0.016746208799999784,0.03532518,0.018578971200000214,0.000554304578806568,0.018578971200000214,0.0060528860905810665,0.042980047665166554,1.6153691047372762
LightGBM,2019-07-31,500,0.08831335373149729,-0.05534182000000001,0.006943300000000001,0.062285120000000006,0.0006175759002202607,0.062285120000000006,0.020292013612581965,0.04291633077106685,1.5966872322048762
LightGBM,2019-08-31,500,0.0464688339362807,-0.04506792,-0.034195640000000006,0.010872279999999991,0.0003249568806732916,0.010872279999999991,0.003542105301551999,0.04321101048793457,1.6197326938392338
LightGBM,2019-09-30,500,0.03371763618707824,-0.029255715600000107,0.02936752439999989,0.05862323999999999,0.00023578766564390376,0.05862323999999999,0.01909900123968067,0.043300807655182474,1.597859871927543
LightGBM,2019-10-31,500,0.030370418992838634,-0.01609284,-0.02213334,-0.006040500000000001,0.00021238055239747297,-0.006040500000000001,-0.0019679484959939284,0.04332437960725459,1.6304581227098611
LightGBM,2019-11-30,500,-0.05042350711729701,0.05964777759999958,0.009060564399999893,-0.05058721319999968,-0.00035261193788319587,-0.05058721319999968,-0.016480925442175907,0.043893350917889346,1.6665867103075134
LightGBM,2019-12-31,500,-0.08594821440804398,0.13691043759999957,0.08324602879999979,-0.053664408799999785,-0.000601036464391916,-0.053664408799999785,-0.017483452129188462,0.04414352491289461,1.6695255113511192
LightGBM,2020-01-31,500,0.02094280268383992,-0.04205115120000022,0.03900541759999956,0.08105656879999978,0.00014645316562125817,0.08105656879999978,0.026407607426601764,0.043390771271402465,1.5918041244335381
LightGBM,2020-02-29,500,-0.044190744004374116,-0.01586341120000022,-0.10673256,-0.09086914879999979,-0.00030902618184877004,-0.09086914879999979,-0.029604470608924436,0.043849458219911014,1.70998888009874
LightGBM,2020-03-31,500,-0.019697431121894933,-0.19651727560000012,-0.2133801756000001,-0.016862899999999986,-0.00013774427357968484,-0.016862899999999986,-0.005493803276731394,0.04367697010102032,1.6381651582602306
LightGBM,2020-04-30,500,0.09034164401606125,0.1510588019999995,0.24388922639999935,0.09283042439999986,0.0006317597483640647,0.09283042439999986,0.03024343913259793,0.042902047036668514,1.5897113045890954
LightGBM,2020-05-31,500,-0.12860999350253244,0.09044071759999957,0.03456897319999968,-0.05587174439999989,-0.0008993705839337933,-0.05587174439999989,-0.01820258511059299,0.0444439599769403,1.6716704820040147
LightGBM,2020-06-30,500,0.05092015244617158,0.039699284399999896,0.12210069759999957,0.08240141319999968,0.00035608498214106,0.08240141319999968,0.026845747400829997,0.043179663174484635,1.591527050113431
LightGBM,2020-07-31,500,0.18308500259537852,0.011584097599999576,0.0944843287999998,0.08290023120000022,0.0012803147034641854,0.08290023120000022,0.027008258473237207,0.0422489247931522,1.5914267657347099
LightGBM,2020-08-31,500,0.1831232035108316,-0.1187159,0.04858900439999989,0.1673049043999999,0.0012805818427330882,0.1673049043999999,0.05450665259273036,0.04224865577262084,1.5947175868489014
LightGBM,2020-09-30,500,-0.010701264198495309,-0.03347477120000022,-0.03326347560000011,0.0002112956000001054,-7.483401537409307e-05,0.0002112956000001054,6.883848327627549e-05,0.04361361681282736,1.6263078902731434
LightGBM,2020-10-31,500,0.13829146992575456,-0.08310015999999999,0.032181084399999886,0.11528124439999987,0.0009670732162640179,0.11528124439999987,0.037557743818109134,0.042564372206318556,1.5878315341502618
LightGBM,2020-11-30,500,0.03615782725191075,0.23048742199999947,0.1872862287999998,-0.04320119319999968,0.0002528519388245507,-0.04320119319999968,-0.014074616866663768,0.04328362321106394,1.659774314857055
LightGBM,2020-12-31,500,-0.023907920911532717,0.047079928799999796,0.0601817,0.013101771200000202,-0.0001671882581226064,0.013101771200000202,0.004268456407233998,0.04370662143756707,1.6184369215764483
LightGBM,2021-01-31,500,0.12253112177619026,0.05274005319999968,0.13340764879999978,0.0806675956000001,0.0008568609914418899,0.0806675956000001,0.02628088294619098,0.042675360573569014,1.5918860850643834
LightGBM,2021-02-28,500,0.061695475236631235,0.03888270879999979,0.11443756199999948,0.07555485319999969,0.000431436889766652,0.07555485319999969,0.024615190749107098,0.043103780619622244,1.5930392335870909
LightGBM,2021-03-31,500,0.146408571269437,-0.08393411120000019,0.007949540000000001,0.0918836512000002,0.0010238361627233356,0.0918836512000002,0.029934987697288484,0.04250720952079967,1.5898517132612093
LightGBM,2021-04-30,500,0.05262521007887112,-0.04731766,-0.0022027200000000018,0.04511493999999999,0.0003680084620900078,0.04511493999999999,0.014698100872420544,0.043167655726367035,1.6028052450530126
LightGBM,2021-05-31,500,0.19319141113158875,-0.049537,0.019383240000000003,0.06892024,0.001350988889032089,0.06892024,0.022453684736617924,0.04217775290205212,1.5947451904174486
LightGBM,2021-06-30,500,-0.09200668527570473,0.018693308799999794,0.018084544399999892,-0.0006087643999999025,-0.0006434033935363967,-0.0006087643999999025,-0.0001983307649026495,0.04418619020069504,1.626839806437667
LightGBM,2021-07-31,500,0.15431274169304277,-0.13655278,-0.03244996,0.10410282000000001,0.0010791100817695298,0.10410282000000001,0.03391589902288331,0.042451546348802445,1.5884176544075626
LightGBM,2021-08-31,500,0.05550546734318313,0.017435248799999782,0.027685780000000004,0.010250531200000221,0.0003881501212810009,0.010250531200000221,0.003339544318877456,0.04314737222450568,1.620098919729761
LightGBM,2021-09-30,500,0.04736174005093534,-0.02858205120000022,0.010541664399999894,0.03912371560000011,0.0003312009793771702,0.03912371560000011,0.012746205988364274,0.04320472241670461,1.6053109502447516
LightGBM,2021-10-31,500,0.08321880086970601,-0.008037520000000001,0.023916140000000002,0.03195366,0.0005819496564315106,0.03195366,0.010410256955301936,0.04295220790389637,1.608562685087034
LightGBM,2021-11-30,500,0.02685668247967884,-0.1143628556000001,-0.06596109560000012,0.04840175999999999,0.00018780896838936252,0.04840175999999999,0.015768921578587707,0.0433491242305867,1.6015121826608818
LightGBM,2021-12-31,500,0.13649073116674773,-0.11216088,-0.03284713999999999,0.07931374000000002,0.0009544806375297044,0.07931374000000002,0.025839807192228045,0.042577053465184804,1.5921777242110493
Ridge,2010-02-28,500,0.05804049234088495,0.02208022,0.04314598,0.02106576,0.0004058775688173773,0.02106576,0.00792579329459662,0.04384504865344295,1.5845009250850222
Ridge,2010-03-31,500,0.13421991610094244,0.04896222000000001,0.1010393243999999,0.052077104399999886,0.0009386008118947024,0.052077104399999886,0.019593518812306192,0.04330857383823127,1.5696642129351899
Ridge,2010-04-30,500,0.049315452102112155,0.049595719999999996,0.06340000879999978,0.013804288799999787,0.0003448633014133717,0.013804288799999787,0.005193733319268497,0.043906492598786415,1.5889220387374432
Ridge,2010-05-31,500,-0.023929394014797996,-0.0878777356000001,-0.07429891999999999,0.013578815600000113,-0.00016733841968390208,0.013578815600000113,0.005108901156713305,0.044422301374257615,1.5890651351780558
Ridge,2010-06-30,500,-0.07229166536695754,-0.06135909999999999,-0.10294616000000001,-0.041587060000000016,-0.0005055361214472555,-0.041587060000000016,-0.015646738655049116,0.04476288074997705,1.635006628156877
Ridge,2010-07-31,500,0.13618976110181674,-3.735999999999906e-05,0.0681136,0.06815096,0.0009523759517609563,0.06815096,0.025641155210556016,0.04329470169033779,1.5645361331762788
Ridge,2010-08-31,500,0.1366133628470559,-0.06432328000000001,-0.042584800000000006,0.021738480000000004,0.0009553382017276638,0.021738480000000004,0.008178897842694629,0.04329171857945582,1.5841096796725245
Ridge,2010-09-30,500,0.15350691034183825,0.07575403999999998,0.1337664043999999,0.05801236439999992,0.0010734748974953723,0.05801236439999992,0.021826604345877628,0.04317274993512637,1.5675667891930007
Ridge,2010-10-31,500,-0.025041461968833202,0.062144859999999996,0.023776720000000005,-0.038368139999999995,-0.00017511511866316924,-0.038368139999999995,-0.014435650398473368,0.04443013283872265,1.6317033290219534
Ridge,2010-11-30,500,0.017568298112557158,0.007808480000000003,0.048782484399999895,0.04097400439999989,0.00012285523155634376,0.04097400439999989,0.015416082274092724,0.04413006410575511,1.5742272975337344
Ridge,2010-12-31,500,-0.18914069925968233,0.11972908879999977,0.08593792000000003,-0.03379116879999974,-0.0013226622325851912,-0.03379116879999974,-0.012713608200777968,0.04558576127034835,1.6271450166709334
Ridge,2011-01-31,500,0.07375901680628365,-0.0014114999999999972,0.02746758439999989,0.028879084399999887,0.0005157973203236618,0.028879084399999887,0.010865482825761281,0.043734354819179574,1.580147478456788
Ridge,2011-02-28,500,0.07239288852127171,0.028338480000000003,0.06591730439999989,0.03757882439999989,0.0005062439756732287,0.03757882439999989,0.014138677856784802,0.04374397544090501,1.5757890491354625
Ridge,2011-03-31,500,0.05436948408767166,-0.017498120000000002,-0.0005996400000000019,0.01689848,0.00038020618243127035,0.01689848,0.006357893542548434,0.04387090082424022,1.586993773735378
Ridge,2011-04-30,500,0.043064962461204885,0.02523996,0.00847324,-0.01676672,0.0003011535836447894,-0.01676672,-0.006308320086641975,0.04395051013146886,1.6115839718996487
Ridge,2011-05-31,500,0.09359956738382842,-0.032943975600000105,-0.005477059999999998,0.027466915600000107,0.0006545424292575414,0.027466915600000107,0.010334167648626593,0.04359463263201377,1.5809034722127515
Ridge,2011-06-30,500,-0.046888560055542206,-0.02425188,-0.03434626,-0.010094380000000003,-0.000327892028360435,-0.010094380000000003,-0.0037979151626672983,0.04458398564215018,1.6060693623495297
Ridge,2011-07-31,500,-0.027128701816984985,-0.01988236,-0.033584680000000006,-0.013702320000000004,-0.0001897112015173775,-0.013702320000000004,-0.005155368521070077,0.04444483171089274,1.609011113514895
Ridge,2011-08-31,500,-0.009846587709728846,-0.08363094,-0.07336642000000002,0.010264519999999985,-6.885725671139053e-05,0.010264519999999985,0.0038619287311852405,0.044323126681968396,1.5912091724261783
Ridge,2011-09-30,500,-0.17454221738260442,-0.12144446,-0.15617952000000002,-0.03473506000000001,-0.0012205749467314995,-0.03473506000000001,-0.013068738352445456,0.04548295505994639,1.6280718316599712
Ridge,2011-10-31,500,0.2866038333681472,0.07066948879999979,0.19063604439999987,0.11996655560000008,0.0020042226109660646,0.11996655560000008,0.04513628380605937,0.04223544766029321,1.5601902947357662
Ridge,2011-11-30,500,0.09193441021475482,-0.039937995600000116,-0.013529080000000002,0.026408915600000114,0.000642897973529754,0.026408915600000114,0.009936105138388029,0.043606359090950904,1.5814787675610258
Ridge,2011-12-31,500,0.048185959682617414,-0.027605480000000005,0.0007219399999999995,0.028327420000000006,0.0003369647530252966,0.028327420000000006,0.010657924304141994,0.04391444677075469,1.5804411914011007
Ridge,2012-01-31,500,0.020424428481815013,0.0741464,0.09501554000000001,0.020869140000000008,0.00014282817120150358,0.020869140000000008,0.007851816876105974,0.04410995051160541,1.58461586248448
Ridge,2012-02-29,500,0.026248282253046592,0.01685242,0.029089519999999997,0.012237099999999997,0.00018355442134997617,0.012237099999999997,0.004604093330851025,0.044068937456878426,1.5899239283494837
Ridge,2012-03-31,500,0.004984628058143307,-0.03308146000000001,0.009686579999999998,0.04276804000000001,3.485753886813501e-05,0.04276804000000001,0.016091071229095942,0.0442186815005045,1.5734335505236887
Ridge,2012-04-30,500,0.0849974970284428,-0.014238935600000105,0.00020923999999999804,0.014448175600000102,0.0005943880911079915,0.014448175600000102,0.005435989648113114,0.04365521059226296,1.5885153309011169
Ridge,2012-05-31,500,0.18551039799135235,-0.1139754756000001,-0.07125131999999999,0.042724155600000105,0.0012972755104290374,0.042724155600000105,0.016074560137957685,0.042947373261538246,1.573452706896192
Ridge,2012-06-30,500,0.054413237077226694,-0.005018420000000003,0.038737820000000006,0.04375624000000001,0.0003805121473931937,0.04375624000000001,0.016462872148394387,0.04387059270459547,1.5730056303206852
Ridge,2012-07-31,500,0.10228611250905041,-0.03614704,0.011548019999999999,0.04769506,0.0007152875000632896,0.04769506,0.01794481598258897,0.04353345977901925,1.5713655917159208
Ridge,2012-08-31,500,0.1182809296399458,-0.01820474,0.02975012,0.04795486,0.0008271393681115091,0.04795486,0.018042563279526573,0.043420820221759415,1.5712611026041452
Ridge,2012-09-30,500,-0.0970009256119502,0.06728276439999989,0.019967740000000005,-0.047315024399999885,-0.0006783281511325189,-0.047315024399999885,-0.01780183117643012,0.044936889624941787,1.6410868091768702
Ridge,2012-10-31,500,0.17054501520395077,-0.07200458,-0.005868300000000003,0.06613627999999999,0.0011926224839437117,0.06613627999999999,0.024883150883403423,0.04305276328116783,1.5650827781682632
Ridge,2012-11-30,500,0.05754369031790713,0.004658744399999893,0.009536120000000002,0.004877375600000109,0.0004024034287965534,0.004877375600000109,0.0018350665167413867,0.04384854725923857,1.5948571500761632
Ridge,2012-12-31,500,-0.0397299998735195,0.04366318439999988,0.02100824,-0.02265494439999988,-0.00027783216694768885,-0.02265494439999988,-0.008523708919829065,0.04453357324650213,1.616721157348827
Ridge,2013-01-31,500,0.07965571756372022,0.062016680000000005,0.08877170439999987,0.02675502439999987,0.0005570329899560855,0.02675502439999987,0.010066325306387614,0.04369282875750748,1.5812897284783232
Ridge,2013-02-28,500,0.02095564135485547,-0.003701835600000108,-0.004236200000000001,-0.0005343643999998929,0.00014654294653745082,-0.0005343643999998929,-0.0002010495599679431,0.044106209575879775,1.5987265050638422
Ridge,2013-03-31,500,7.675231069335376e-05,0.039917339999999996,0.05751820439999989,0.017600864399999895,5.367294454080682e-07,0.017600864399999895,0.0066221590410516186,0.04425324400576824,1.586565246553721
Ridge,2013-04-30,500,0.023224272798769353,0.015454584399999891,0.008022779999999998,-0.007431804399999893,0.00016240750208929618,-0.007431804399999893,-0.0027961462335217343,0.044090233298105734,1.6039586501512184
Ridge,2013-05-31,500,0.1288630076970027,0.019256999999999996,0.04650612439999989,0.027249124399999894,0.0009011399139650539,0.027249124399999894,0.010252225766036845,0.04334629854530127,1.5810212741343495
Ridge,2013-06-30,500,0.0140727939799113,-0.023616399999999996,0.003693660000000002,0.027310059999999997,9.841114671266643e-05,0.027310059999999997,0.010275152210175725,0.04415468033204135,1.580988281875285
Ridge,2013-07-31,500,0.0886924091554903,0.03143622,0.07879934000000001,0.04736312000000001,0.0006202266374509811,0.04736312000000001,0.01781992669180581,0.04362919008432601,1.5714997585430939
Ridge,2013-08-31,500,0.018286729585799858,-0.00044917999999999987,-0.006437000000000002,-0.005987820000000002,0.0001278792278727263,-0.005987820000000002,-0.0022528607372936725,0.04412500472918298,1.6028352292206416
Ridge,2013-09-30,500,0.0454524519909752,0.043294528799999794,0.0666765243999999,0.0233819956000001,0.0003178493146222042,0.0233819956000001,0.008797255068925522,0.04393369682492118,1.5831668649453277
Ridge,2013-10-31,500,0.09985673380630593,0.005261539999999999,0.04936026,0.04409872000000001,0.0006982988378063351,0.04409872000000001,0.016591727014657623,0.043550568079742794,1.5728588667063548
Ridge,2013-11-30,500,0.17229232943934977,0.005400179999999999,0.056313260000000004,0.050913080000000006,0.0012048414646108375,0.050913080000000006,0.019155565622662622,0.04304045825134108,1.570103500609221
Ridge,2013-12-31,500,0.03742133727779766,0.03643780439999989,0.03895338,0.002515575600000111,0.0002616876732713123,0.002515575600000111,0.0009464615671369916,0.04399025397078863,1.5965204771871915
Ridge,2014-01-31,500,-0.1159220532524717,0.041705240000000005,-0.019700540000000002,-0.06140578000000001,-0.0008106437290382636,-0.06140578000000001,-0.023103344924345258,0.04507013700269194,1.6571752202317502
Ridge,2014-02-28,500,0.051809685455904454,0.06005068,0.08168110439999988,0.021630424399999883,0.00036230549269863254,0.021630424399999883,0.008138242943468368,0.043888927575168164,1.5841723144195925
Ridge,2014-03-31,500,0.12137516332666129,-0.04033794,0.03015864,0.07049658,0.0008487773659207083,0.07049658,0.02652367258793389,0.04339902984368396,1.5639345317877391
Ridge,2014-04-30,500,-0.19388146817902802,-0.017864055600000105,-0.05836224,-0.0404981843999999,-0.0013558144627904057,-0.0404981843999999,-0.01523705949184158,0.04561914696696346,1.6338801330615076
Ridge,2014-05-31,500,-0.027787167815563295,-0.0033716400000000004,0.006624459999999996,0.009996099999999997,-0.00019431585885009299,0.009996099999999997,0.0037609382406387074,0.04444946879538977,1.5913861505484954
Ridge,2014-06-30,500,-0.06809677002140259,0.0743012243999999,0.028883560000000003,-0.04541766439999989,-0.00047620118896085726,-0.04541766439999989,-0.017087967391528184,0.044733339233459055,1.639043894642626
Ridge,2014-07-31,500,0.16919204082877234,-0.0748884,-0.04551062,0.029377779999999992,0.0011831611246767297,0.029377779999999992,0.011053112336518343,0.04306229126972543,1.579883749446919
Ridge,2014-08-31,500,0.1729458165367654,0.0169003843999999,0.08425576439999989,0.06735537999999999,0.001209411304452905,0.06735537999999999,0.025341825747516693,0.04303585622952829,1.5647486976784244
Ridge,2014-09-30,500,0.0701386485043308,-0.04860032,-0.03510274,0.013497580000000002,0.0004904800594708448,0.013497580000000002,0.00507833702924943,0.043759850370601774,1.5891167774506993
Ridge,2014-10-31,500,0.04655792920998931,0.028858380000000003,-0.00809482,-0.036953200000000005,0.00032557992454537976,-0.036953200000000005,-0.013903292583504602,0.04392591177408306,1.6302768587463294
Ridge,2014-11-30,500,0.01047730399072199,-0.005597859999999998,-0.0195306,-0.01393274,7.326786007497896e-05,-0.01393274,-0.005242061870417119,0.044180000684077896,1.60920219376402
Ridge,2014-12-31,500,0.032932115150740564,-0.012790919999999999,0.026111859999999997,0.03890278,0.0002302945115436403,0.03890278,0.014636803650339106,0.04402186821112002,1.5751707615527706
Ridge,2015-01-31,500,0.19602321511594498,-0.054780340000000004,0.020663660000000004,0.07544400000000001,0.0013707917140975173,0.07544400000000001,0.028385092648807713,0.04287333933812562,1.5627888620854056
Ridge,2015-02-28,500,0.025762331377397543,0.10027486439999989,0.05645112000000001,-0.04382374439999988,0.0001801561634783045,-0.04382374439999988,-0.016488270041509788,0.04407235964614356,1.637349870055187
Ridge,2015-03-31,500,0.09969100108243209,-0.007206000000000001,0.017641288799999783,0.024847288799999784,0.0006971398677093154,0.024847288799999784,0.00934855779995329,0.043551735211601064,1.582341865422855
Ridge,2015-04-30,500,0.06806351242167168,-0.03025638,0.010578800000000001,0.04083518,0.00047596861833336835,0.04083518,0.01536385090438921,0.0437744640049867,1.5742896259453003
Ridge,2015-05-31,500,0.16038352923252652,-0.04554290000000001,0.0026507400000000004,0.04819364000000001,0.0011215631414861994,0.04819364000000001,0.018132401999937507,0.04312432304152997,1.5711654697959632
Ridge,2015-06-30,500,0.019818179553445458,-0.015060160000000003,-0.021407820000000008,-0.006347660000000005,0.0001385886682059123,-0.006347660000000005,-0.0023882471396417327,0.0441142198702559,1.6031137891030065
Ridge,2015-07-31,500,0.0655249792179362,-0.07418409999999999,-0.031779879999999996,0.04240421999999999,0.0004582166378876657,0.04240421999999999,0.01595418738932751,0.0437923409993792,1.5735927583776235
Ridge,2015-08-31,500,0.07064895724715617,-0.07047856,-0.028155955600000105,0.042322604399999894,0.0004940486520780151,0.042322604399999894,0.015923480290451642,0.04375625664706075,1.5736285963265206
Ridge,2015-09-30,500,0.10762644206393403,-0.11289687999999998,-0.07458909999999999,0.038307779999999986,0.0007526324619855526,0.038307779999999986,0.014412940518399642,0.04349585182440739,1.575447158406445
Ridge,2015-10-31,500,0.03935682104138387,0.0757419043999999,0.06569158000000001,-0.01005032439999988,0.00027522252476492215,-0.01005032439999988,-0.00378133965914545,0.04397662380343943,1.6060340229516765
Ridge,2015-11-30,500,0.07414517142675313,-0.021236900000000003,0.037663588799999786,0.05890048879999979,0.0005184977022849869,0.05890048879999979,0.022160752765601702,0.04373163542044387,1.567273444880517
Ridge,2015-12-31,500,0.1623947714277249,-0.05859278,5.222000000000171e-05,0.058644999999999996,0.0011356277722218524,0.058644999999999996,0.022064627516957317,0.043110159364099,1.567357284613782
Ridge,2016-01-31,500,0.0669057899178557,-0.08109102,-0.05092595999999999,0.030165060000000007,0.0004678726567682217,0.030165060000000007,0.011349319002927252,0.04378261698036569,1.5794708501874504
Ridge,2016-02-29,500,-0.007963429778513073,0.007484184399999894,0.02288246,0.015398275600000106,-5.568832012946205e-05,0.015398275600000106,0.005793455802156277,0.04430986500639646,1.5879204348566318
Ridge,2016-03-31,500,-0.14456779770008518,0.1221526443999999,0.0604175843999999,-0.06173506,-0.001010963620280316,-0.06173506,-0.023227233415244457,0.04527186759739344,1.657570899236164
Ridge,2016-04-30,500,-0.01672159691934884,0.061000873199999674,0.014998120000000005,-0.04600275319999967,-0.00011693424419125062,-0.04600275319999967,-0.017308101528050287,0.044371542239782624,1.6396708013187369
Ridge,2016-05-31,500,0.00840635531816091,0.005776419999999997,0.015323819999999995,0.009547399999999998,5.878570152560077e-05,0.009547399999999998,0.0035921191023173035,0.044194584829659316,1.5916831114329
Ridge,2016-06-30,500,0.05345466966180295,-0.0466286,0.0065810400000000015,0.05320964,0.00037380887875386676,0.05320964,0.020019624638270832,0.04387734317935198,1.5692455997100427
Ridge,2016-07-31,500,0.044703300958962335,0.02989158439999989,0.06473746,0.034845875600000104,0.0003126104962165198,0.034845875600000104,0.013110431675611458,0.04393897253641423,1.5771028885123644
Ridge,2016-08-31,500,-0.030593838046612972,0.034667464399999896,0.0059596999999999975,-0.028707764399999898,-0.0002139429234028879,-0.028707764399999898,-0.010801025293385037,0.044469234078707016,1.6222706174451453
Ridge,2016-09-30,500,-0.03398707292088012,0.05092372,0.01492168,-0.03600204,-0.0002376718386075533,-0.03600204,-0.013545427614470085,0.044493130098948334,1.6293266692622344
Ridge,2016-10-31,500,0.08913064358356658,-0.08503081120000021,-0.06295568000000001,0.022075131200000195,0.000623291213871095,0.022075131200000195,0.008305559677994158,0.043626103926381804,1.583915051497666
Ridge,2016-11-30,500,0.03130017380432062,0.023938679999999993,0.1231674687999998,0.09922878879999981,0.00021888233429594837,0.09922878879999981,0.037333894856011976,0.044033360755813114,1.559644713552223
Ridge,2016-12-31,500,0.03927958491525544,-0.022573159999999995,0.004316999999999999,0.026890159999999993,0.0002746824119947933,0.026890159999999993,0.010117168799921304,0.04397716771982062,1.5812161412866226
Ridge,2017-01-31,500,0.10513727611898864,0.02320344,0.05422380439999989,0.03102036439999989,0.0007352257071257947,0.03102036439999989,0.011671119207541662,0.043513381162047844,1.5790270514332898
Ridge,2017-02-28,500,-0.1218828906338401,0.0570838243999999,-0.02016122,-0.07724504439999991,-0.0008523279065303503,-0.07724504439999991,-0.029062718598632926,0.04511211473072974,1.6772701607922824
Ridge,2017-03-31,500,0.022395892333600235,-0.01261608,0.027674899999999995,0.04029098,0.00015661463170349815,0.04029098,0.015159100792790127,0.0440960669633534,1.5745352143471352
Ridge,2017-04-30,500,-0.0617810797447377,-0.004755500000000001,-0.02881296,-0.024057459999999996,-0.0004320355226904734,-0.024057459999999996,-0.009051392171610537,0.04468886254136987,1.6179826367718158
Ridge,2017-05-31,500,0.048030154495132475,-0.07686264000000001,-0.003350411200000217,0.07351222879999979,0.0003358752062596677,0.07351222879999979,0.02765828197482032,0.043915543990384866,1.5632162696319365
Ridge,2017-06-30,500,-0.037600114374952996,0.05222248879999979,0.01641384439999989,-0.0358086443999999,-0.00026293786276190904,-0.0358086443999999,-0.013472664346034231,0.04451857405285026,1.6291343264987088
Ridge,2017-07-31,500,0.03163006783412318,-0.008648939999999997,0.010612619999999996,0.019261559999999994,0.00022118928555330894,0.019261559999999994,0.007246980080066916,0.044031037558420145,1.5855655464532508
Ridge,2017-08-31,500,0.07142049881886615,-0.038392199999999994,0.022084168799999783,0.06047636879999978,0.0004994440476843787,0.06047636879999978,0.022753662735955908,0.04375082325571068,1.566766089051529
Ridge,2017-09-30,500,0.15144256788595642,0.018537140000000004,0.0607159,0.042178759999999996,0.0010590389362654295,0.042178759999999996,0.01586936019314756,0.04318728755805512,1.573691869005174
Ridge,2017-10-31,500,0.11340368347277116,-0.054208620000000006,0.006833680000000003,0.06104230000000001,0.0007930327515578403,0.06104230000000001,0.02296658900636651,0.04345516702575361,1.5665879943999124
Ridge,2017-11-30,500,-0.017276810082962352,0.007922964399999895,0.014252120000000004,0.006329155600000108,-0.00012081685372700946,0.006329155600000108,0.00238128503386251,0.044375452191639055,1.5938541184185262
Ridge,2017-12-31,500,0.0854121422472695,0.01801004,0.01486716439999989,-0.003142875600000112,0.0005972877080228637,-0.003142875600000112,-0.001182477269096022,0.04365229055551066,1.600665425314265
Ridge,2018-01-31,500,0.07484917613879372,0.012004959999999999,0.06279892,0.05079396,0.0005234208121593966,0.05079396,0.019110747847407784,0.043726677640781614,1.5701489715048937
Ridge,2018-02-28,500,0.07054852558043163,-0.05246869560000011,-0.04150728000000001,0.0109614156000001,0.0004933463327302911,0.0109614156000001,0.004124129120514407,0.04375696391231938,1.590752022552543
Ridge,2018-03-31,500,-0.03251607229908122,0.0322813,0.0026383600000000006,-0.02964294,-0.00022738512097259593,-0.02964294,-0.01115287628284619,0.04448277093963989,1.6231525987281672
Ridge,2018-04-30,500,0.045152820611282445,0.02857174,0.03094168,0.0023699399999999975,0.0003157539902886884,0.0023699399999999975,0.0008916675477455499,0.04393580690505986,1.5966243254549348
Ridge,2018-05-31,500,0.013073574176891525,0.05828062,0.06476558,0.006484960000000005,9.142359564259808e-05,0.006484960000000005,0.002439904968238855,0.04416171709121755,1.5937473493548884
Ridge,2018-06-30,500,-0.05655037970198339,0.01503478,-0.00921858,-0.02425336,-0.0003954572007131706,-0.02425336,-0.009125097696899514,0.04465202662557582,1.618160003956069
Ridge,2018-07-31,500,0.05854017578056026,-0.019539240000000003,0.02625674,0.04579598,0.0004093718586053165,0.04579598,0.01723030506392748,0.04384152975598044,1.5721432370774753
Ridge,2018-08-31,500,-0.04877818379544105,0.01271402,0.026544880000000003,0.013830860000000004,-0.00034110618038769966,0.013830860000000004,0.0052037304823801585,0.04459729285158608,1.5889051984916762
Ridge,2018-09-30,500,0.01675457186470374,0.001099224399999893,-0.026638679999999998,-0.02773790439999989,0.00011716483821471146,-0.02773790439999989,-0.010436124625918137,0.04413579457228929,1.6213629059917791
Ridge,2018-10-31,500,0.10182131040775678,-0.0728350512000002,-0.07642953999999999,-0.0035944887999997954,0.000712037135718579,-0.0035944887999997954,-0.0013523924714105274,0.043536733033253706,1.6010060159561788
Ridge,2018-11-30,500,-0.002902001667392477,-0.009953079999999996,-0.04542021999999999,-0.035467139999999994,-2.0293717953793547e-05,-0.035467139999999994,-0.013344176540059297,0.04427422114645898,1.6287953861493654
Ridge,2018-12-31,500,0.10187213751490175,-0.15117023999999998,-0.1260097,0.02516053999999998,0.000712392570034278,0.02516053999999998,0.009466415606198396,0.043536375095879445,1.5821673995972685
Ridge,2019-01-31,500,0.10790792594576523,0.1328989443999999,0.14833034,0.015431395600000092,0.000754600880739617,0.015431395600000092,0.005805916889433304,0.043493869543549425,1.5878998094602252
Ridge,2019-02-28,500,-0.0020880102061947106,0.04334920879999978,0.048385644399999886,0.005036435600000104,-1.4601469973389584e-05,0.005036435600000104,0.0018949113398780075,0.0442684888122252,1.594746536276074
Ridge,2019-03-31,500,0.028405225119880907,0.002498580000000003,-0.010548500000000006,-0.01304708000000001,0.00019863793790126508,-0.01304708000000001,-0.004908840657923842,0.04405374771837959,1.6084698515299267
Ridge,2019-04-30,500,0.04806523456806959,-0.0018778599999999988,0.03529570439999989,0.037173564399999894,0.0003361205214550321,0.037173564399999894,0.01398620260829777,0.043915296947617706,1.5759806783435746
Ridge,2019-05-31,500,0.10398292288320436,-0.056097875600000104,-0.0640721956000001,-0.00797432,0.0007271533068755549,-0.00797432,-0.0030002626055251613,0.043521510410187175,1.6043845882438545
Ridge,2019-06-30,500,0.1023212006519293,0.010465519999999999,0.046329720000000005,0.035864200000000006,0.0007155328716918133,0.035864200000000006,0.013493566615971708,0.04353321267942151,1.5766074223365485
Ridge,2019-07-31,500,0.10160307216618406,-0.025155499999999997,-0.0016090400000000013,0.023546459999999995,0.0007105109941691192,0.023546459999999995,0.008859133246533119,0.04353826992227887,1.5830735359265977
Ridge,2019-08-31,500,0.028145330990973754,-0.03434822,-0.06277219560000011,-0.02842397560000011,0.0001968204964403759,-0.02842397560000011,-0.01069425243695261,0.04405557795872401,1.622004278978739
Ridge,2019-09-30,500,0.16485544098762553,-0.02015511560000011,0.056177124399999896,0.07633224000000001,0.001152835251661717,0.07633224000000001,0.028719284561940325,0.043092830705226466,1.5626009246126877
Ridge,2019-10-31,500,0.018132759762563646,-0.01524618,0.00321126,0.01845744,0.0001268025158221234,0.01845744,0.006944437522663291,0.04412608902371282,1.5860472406129504
Ridge,2019-11-30,500,-0.0653688011147452,0.06851555319999968,0.019701384399999893,-0.04881416879999978,-0.0004571244833198965,-0.04881416879999978,-0.018365870101830925,0.04471412818482062,1.642721364089812
Ridge,2019-12-31,500,0.01805175928893401,0.05480049319999968,0.05239807999999999,-0.0024024131999996895,0.00012623607894359448,-0.0024024131999996895,-0.0009038852826296298,0.044126659449583445,1.6001101309078565
Ridge,2020-01-31,500,0.03900155096432477,-0.0025774912000002103,-0.0260197156000001,-0.023442224399999892,0.00027273811863164174,-0.023442224399999892,-0.008819915586237972,0.04397912570539055,1.6174274653999312
Ridge,2020-02-29,500,-0.10437415818092634,-0.0505664556000001,-0.0791674,-0.028600944399999897,-0.0007298892180484359,-0.028600944399999897,-0.010760835276992141,0.04498881379796274,1.622170294462637
Ridge,2020-03-31,500,-0.10448837017928611,-0.1687465756000001,-0.23147674000000001,-0.06273016439999993,-0.0007306879033516511,-0.06273016439999993,-0.023601632049850708,0.044989618107810346,1.6587722477214288
Ridge,2020-04-30,500,0.2057057033375974,0.05367619999999999,0.23149457959999903,0.17781837959999902,0.0014385014219412406,0.17781837959999902,0.06690248634227812,0.04280515280135343,1.5795892513110559
Ridge,2020-05-31,500,-0.07491813524133933,0.07787920439999989,0.038279924399999894,-0.039599279999999994,-0.0005239030436457297,-0.039599279999999994,-0.01489885519890353,0.04478137701669804,1.6329571741281936
Ridge,2020-06-30,500,0.06883103034735924,0.026935640000000004,0.0725721643999999,0.0456365243999999,0.00048133587655495975,0.0456365243999999,0.01717031140002612,0.043769058949172,1.5722096409691306
Ridge,2020-07-31,500,0.12920232970389034,-0.008249255600000106,0.05619866000000001,0.06444791560000011,0.0009035127951321002,0.06444791560000011,0.0242479197196403,0.04334390895370347,1.565562147085656
Ridge,2020-08-31,500,-0.0006109071674453096,-0.011991580000000007,0.05554752,0.0675391,-4.272078094023144e-06,0.0675391,0.025410948662810677,0.0442580866781495,1.5646992283176788
Ridge,2020-09-30,500,0.0845116766406023,0.00306908879999979,-0.0078368,-0.01090588879999979,0.0005909907457384776,-0.01090588879999979,-0.004103237686304919,0.04365863186259987,1.6067228221293948
Ridge,2020-10-31,500,0.1449804951033225,-0.0686938156000001,0.009552120000000004,0.0782459356000001,0.0010138496161071504,0.0782459356000001,0.029439294462099624,0.043232795112862404,1.5622144313832613
Ridge,2020-11-30,500,0.07277844404801936,0.14915676,0.22704468199999947,0.07788792199999947,0.0005089401681679676,0.07788792199999947,0.029304595225506245,0.043741260261139184,1.5622848219249796
Ridge,2020-12-31,500,-0.02287639534954589,0.07832836439999989,0.0697964843999999,-0.008531879999999992,-0.00015997479265416706,-0.008531879999999992,-0.0032100392909775364,0.0444148858906995,1.6048245390308362
Ridge,2021-01-31,500,0.14063646283857573,0.038711624399999894,0.13395405319999967,0.09524242879999978,0.000983471768101928,0.09524242879999978,0.03583406454569568,0.0432633868893747,1.5598953315819568
Ridge,2021-02-28,500,0.03337506586712104,0.08588663759999957,0.11313876879999978,0.02725213120000021,0.00023339206900084642,0.02725213120000021,0.010253357046146402,0.0440187488398779,1.5810196455741767
Ridge,2021-03-31,500,0.06318925051797315,-0.025636795600000106,0.02429786,0.04993465560000011,0.00044188287075505703,0.04993465560000011,0.01878744268056184,0.04380878979304092,1.5704798293033229
Ridge,2021-04-30,500,-0.09028501414109953,0.012117239999999998,0.0342663043999999,0.0221490643999999,-0.0006313637352524442,0.0221490643999999,0.008333376346408006,0.04488959447373861,1.583872412428433
Ridge,2021-05-31,500,0.12242749509258272,-0.013333679999999999,0.04532368439999989,0.05865736439999989,0.0008561363293187603,0.05865736439999989,0.022069279505711147,0.0433916190566,1.5673532170035973
Ridge,2021-06-30,500,-0.06103729293854256,0.016428,0.006708124399999895,-0.009719875600000106,-0.0004268342163534445,-0.009719875600000106,-0.003657011418282281,0.04468362460611497,1.605769397955774
Ridge,2021-07-31,500,0.08251388981956297,-0.08244648000000002,-0.0137644,0.06868208000000002,0.0005770202085284123,0.06868208000000002,0.025840984095658017,0.04367270078387479,1.5643966273338639
Ridge,2021-08-31,500,0.048615998131833475,0.021037739999999996,0.022833619999999995,0.0017958799999999997,0.0003399720149079264,0.0017958799999999997,0.0006756828930881287,0.04391141833097148,1.597035123641181
Ridge,2021-09-30,500,0.08237618656295372,-0.04589689560000012,-0.007262059999999999,0.03863483560000012,0.000576057248691984,0.03863483560000012,0.014535992099801942,0.043673670525118516,1.5752949338212254
Ridge,2021-10-31,500,0.038884957406307624,0.010856519999999996,0.0198767,0.009020180000000004,0.0002719227790650883,0.009020180000000004,0.0033937575553910507,0.04397994678678504,1.592033828008217
Ridge,2021-11-30,500,0.11424214512099407,-0.10168709560000011,-0.03934672,0.06234037560000011,0.0007988961197272313,0.06234037560000011,0.023454977694282838,0.043449262366259074,1.5661877027075077
Ridge,2021-12-31,500,0.12870845312696963,-0.09238686,-0.0005245799999999994,0.09186228,0.0009000591127760114,0.09186228,0.03456231547546147,0.0433473869577663,1.5601958378699068
TabPFN,2010-02-28,500,0.02601692194090621,0.01230944,0.07492636439999989,0.06261692439999988,0.0001819365170692742,0.06261692439999988,-3.556784704098831,0.0019447906961301404,-0.04021367813032089
TabPFN,2010-03-31,500,0.05994547322058425,0.06592080439999988,0.07162556,0.005704755600000125,0.0004191991134306591,0.005704755600000125,-0.32404318246430247,0.001705857236414098,-0.011616543188170396
TabPFN,2010-04-30,500,0.015628685529729215,0.0932038887999998,0.10780363759999956,0.014599748799999757,0.0001092915072009036,0.014599748799999757,-0.8292991665289217,0.002017947290575049,-0.016053799832453704
TabPFN,2010-05-31,500,-0.08722859728833489,-0.07534742,-0.09219733560000011,-0.016849915600000112,-0.0006099901908275167,-0.016849915600000112,0.9571137938457545,0.002742294352674092,-0.0003764016797252633
TabPFN,2010-06-30,500,0.1609739075011512,-0.10266968,-0.025062239999999996,0.07760744,0.0011256916608472112,0.07760744,-4.408280319757582,0.0009943893893678518,-0.047880404352601706
TabPFN,2010-07-31,500,-0.10405631671202561,0.1053344243999999,0.03939566,-0.0659387643999999,-0.0007276665504337455,-0.0659387643999999,3.7454728234000685,0.002860799419038111,0.02424328742618907
TabPFN,2010-08-31,500,-0.0973655691461456,-0.05784256000000001,-0.07749104,-0.01964847999999999,-0.000680878105917102,-0.01964847999999999,1.1160786607205495,0.002813681478433322,0.0010189480322541267
TabPFN,2010-09-30,500,-0.24755103402955192,0.1419592687999998,0.054171960000000005,-0.08778730879999978,-0.0017311261120947687,-0.08778730879999978,4.98652018037859,0.0038713255973305493,0.03538164858886127
TabPFN,2010-10-31,500,0.11177459914616802,0.015420840000000002,0.0609733243999999,0.0455524843999999,0.0007816405534697065,0.0455524843999999,-2.5874854330536325,0.0013408633918677334,-0.03157165133076502
TabPFN,2010-11-30,500,0.050045534275131164,0.035015500000000005,0.0378089443999999,0.0027934443999998934,0.0003499687711547634,0.0027934443999998934,-0.1586740391495526,0.0017755751163116551,-0.010165285062076514
TabPFN,2010-12-31,500,0.03105223993522876,0.11879140439999988,0.08090441999999999,-0.03788698439999989,0.00021714853101558574,-0.03788698439999989,2.152067478394881,0.0019093307102546295,0.01012874399115304
TabPFN,2011-01-31,500,-0.003570350367089878,0.018068784399999885,0.01912464,0.0010558556000001135,-2.49674850845446e-05,0.0010558556000001135,-0.059975016080756345,0.002153151768721662,-0.009299279667737515
TabPFN,2011-02-28,500,0.04771339543406792,0.0565539243999999,0.06996104,0.013407115600000102,0.0003336601079305449,0.013407115600000102,-0.7615548695356439,0.0017919986292768888,-0.015458504004960242
TabPFN,2011-03-31,500,0.026187754008028252,-0.0394783956000001,-0.01592724,0.0235511556000001,0.00018313114690928848,0.0235511556000001,-1.3377595722656102,0.001943587653403929,-0.020526535058015445
TabPFN,2011-04-30,500,0.026782862988184497,-0.0345347,0.020810220000000004,0.055344920000000006,0.00018729274816912237,0.055344920000000006,-3.143718200659084,0.0019393967450929694,-0.03652105504705464
TabPFN,2011-05-31,500,0.07939525320295748,-0.04609681560000011,-0.015127660000000003,0.03096915560000011,0.0005552115608598425,0.03096915560000011,-1.759118960127931,0.0015688869548480893,-0.024240955990613707
TabPFN,2011-06-30,500,0.23845998473209856,-0.0662845756000001,-0.017851099999999998,0.04843347560000011,0.001667552340783906,0.04843347560000011,-2.751132330932956,0.00044871278914991266,-0.03302527191648914
TabPFN,2011-07-31,500,0.015441806508432764,-0.011229360000000004,-0.022937080000000002,-0.011707719999999998,0.00010798466089813121,-0.011707719999999998,0.6650253076925643,0.0020192633400207987,-0.0029393523288572996
TabPFN,2011-08-31,500,0.07805850534694268,-0.0810062556000001,-0.10121967999999999,-0.020213424399999888,0.000545863673754844,-0.020213424399999888,1.1481687964121379,0.001578300672143968,0.0013006813116566577
TabPFN,2011-09-30,500,0.32828203766114955,-0.1257971756000001,-0.048735980000000005,0.07706119560000008,0.002295678585043004,0.07706119560000008,-4.377252386890611,-0.00018383687936453095,-0.04759959697646814
TabPFN,2011-10-31,500,-0.42506941197468123,0.18933191759999957,0.016958539999999998,-0.17237337759999957,-0.0029725133704523164,-0.17237337759999957,9.791202597640387,0.005121455019479347,0.08078024343536987
TabPFN,2011-11-30,500,0.034751045012482454,0.0069654887999997805,-0.01437508,-0.02134056879999978,0.0002430143007865906,-0.02134056879999978,1.2121931795904064,0.0018832827871753783,0.0018628407859532423
TabPFN,2011-12-31,500,0.18432023582305915,-0.05509653999999999,0.02976924,0.08486577999999999,0.0012889526980633507,0.08486577999999999,-4.820570653984676,0.0008299786265375141,-0.0516230839611709
TabPFN,2012-01-31,500,-0.20618306159693162,0.17123045319999966,0.08459982439999988,-0.08663062879999978,-0.0014418395915869345,-0.08663062879999978,4.920818107481233,0.0035800018478050546,0.034787834817914
TabPFN,2012-02-29,500,0.05785429819419916,0.04640914,0.03215016,-0.014258980000000004,0.0004045755118475466,-0.014258980000000004,0.8099427182988768,0.0017205838211069508,-0.0016678871046571877
TabPFN,2012-03-31,500,-0.028769683769207497,0.03555586,-0.02093675560000011,-0.056492615600000115,-0.00020118659978466782,-0.056492615600000115,3.208909939061392,0.002330611863102772,0.019471390727434697
TabPFN,2012-04-30,500,0.05721376855647693,-0.05808582,-0.011081175600000109,0.04700464439999989,0.0004000962836117268,0.04700464439999989,-2.669971446625774,0.0017250945932035862,-0.03230409776009071
TabPFN,2012-05-31,500,0.20861344494242617,-0.12857366,-0.053954379999999996,0.07461928000000001,0.0014588352793176655,0.07461928000000001,-4.238545988612439,0.000658899689077183,-0.04634568649892817
TabPFN,2012-06-30,500,-0.04233407867269571,0.00697894,0.04218378,0.035204839999999994,-0.0002960425082006693,0.035204839999999994,-1.9997155341319657,0.002426135770873816,-0.026365867363351517
TabPFN,2012-07-31,500,-0.09116489922346988,0.03201712439999989,-0.04569789999999999,-0.07771502439999989,-0.0006375167777865026,-0.07771502439999989,4.414391360055167,0.0027700147888370143,0.030227186358520293
TabPFN,2012-08-31,500,-0.11817321720134076,0.060147540000000006,0.015061644399999893,-0.04508589560000011,-0.0008263861342751103,-0.04508589560000011,2.560982120684891,0.002960214211216387,0.013736086299153535
TabPFN,2012-09-30,500,0.02666905771686304,0.03641610439999989,0.04632184439999989,0.009905739999999996,0.00018649690711093034,0.009905739999999996,-0.5626687170023319,0.0019401981906656555,-0.013711494660934208
TabPFN,2012-10-31,500,-0.061980360284258414,-0.017148220000000002,-0.06439696,-0.04724874,-0.000433429092896912,-0.04724874,2.68383663570584,0.0025644898667298915,0.014821588593756834
TabPFN,2012-11-30,500,0.011164845463250755,0.014186144399999896,-0.0072301599999999985,-0.021416304399999895,7.807584240035493e-05,-0.021416304399999895,1.216495135111495,0.0020493827840009538,0.0019006167206380039
TabPFN,2012-12-31,500,-0.023750831573346256,0.035474040000000005,0.04820960000000001,0.012735560000000007,-0.00016608973128214165,0.012735560000000007,-0.7234089735351649,0.0022952678335544535,-0.015123355554605308
TabPFN,2013-01-31,500,-0.11615003405135083,0.0960671487999998,0.03872754000000001,-0.05733960879999978,-0.0008122380003590967,-0.05733960879999978,3.257021092509142,0.0029459664425544856,0.019898367433869208
TabPFN,2013-02-28,500,0.04216750780225474,0.01131418879999979,0.059331048799999786,0.048016859999999995,0.00029487767693884436,0.048016859999999995,-2.727467610767151,0.0018310541759797986,-0.03281494200518366
TabPFN,2013-03-31,500,0.03654043591568463,0.00015180439999989775,0.019618499999999997,0.0194666956000001,0.00025552752388590647,0.0194666956000001,-1.1057528904985392,0.0018706814427866306,-0.018484541595001992
TabPFN,2013-04-30,500,-0.007169261881483624,0.010740804399999892,0.0006823643999998946,-0.010058439999999998,-5.013469847191345e-05,-0.010058439999999998,0.5713424266985542,0.0021784962160061256,-0.0037612064578969075
TabPFN,2013-05-31,500,-0.13454253918593712,0.016207248799999786,0.035565144399999894,0.01935789560000011,-0.0009408569173841757,0.01935789560000011,-1.0995728013371187,0.0030754911266008683,-0.018430175180656493
TabPFN,2013-06-30,500,0.022001466646042744,-0.03290038,-0.01954992,0.013350460000000001,0.00015385641011218703,0.013350460000000001,-0.7583367017094084,0.0019730685503193198,-0.015430227813936718
TabPFN,2013-07-31,500,-0.015342782475810283,0.07662226439999989,0.04240023999999999,-0.0342220243999999,-0.00010729218514552645,-0.0342220243999999,1.9438893573191347,0.002236056220191524,0.00829521524300939
TabPFN,2013-08-31,500,-0.0014779259471740117,-0.02607434,-0.022975560000000006,0.0030987799999999954,-1.0335146483734348e-05,0.0030987799999999954,-0.17601780047452123,0.002138416385482818,-0.010317474255703432
TabPFN,2013-09-30,500,0.05009762402095721,0.0634220443999999,0.03814750000000001,-0.025274544399999897,0.00035033303511158886,-0.025274544399999897,1.4356520028151778,0.001775208287115697,0.0038256239304490227
TabPFN,2013-10-31,500,0.1027228736835896,-0.0033528956000001063,0.022109519999999997,0.025462415600000104,0.000718341774011116,0.025462415600000104,-1.4463235172165052,0.001404607937378849,-0.021482792406657274
TabPFN,2013-11-30,500,-0.0035547983898238864,0.06660636,0.0369778443999999,-0.029628515600000106,-2.4858729998768436e-05,-0.029628515600000106,1.6829675379462454,0.002153042247755,0.005999526512107523
TabPFN,2013-12-31,500,-0.022943757977632782,0.030764460000000004,0.01814378,-0.012620680000000002,-0.00016044585998344603,-0.012620680000000002,0.7168835264500172,0.002289584216683232,-0.0024843857210849513
TabPFN,2014-01-31,500,-0.07136918490246057,0.040008539999999995,-0.014792920000000001,-0.054801459999999996,-0.0004990852091081158,-0.054801459999999996,3.1128484280886255,0.0026306083499566674,0.018619355351744887
TabPFN,2014-02-28,500,-0.07432144220434242,0.07750119999999999,0.07984488879999979,0.002343688799999799,-0.0005197303650653316,0.002343688799999799,-0.1331268910902792,0.0026513988943361166,-0.009941118822891604
TabPFN,2014-03-31,500,-0.1485282972425474,0.009256280000000002,-0.028697379999999998,-0.03795366,-0.0010386594212765552,-0.03795366,2.1558548051677846,0.003173982380520659,0.010162118053279396
TabPFN,2014-04-30,500,0.11868321358125147,-0.07102666,-0.019065255600000105,0.0519614043999999,0.0008299525425262341,0.0519614043999999,-2.951526766035377,0.0012922111775361597,-0.03480811246580087
TabPFN,2014-05-31,500,0.14526740055601986,-0.015916700000000002,0.005458960000000002,0.021375660000000005,0.001015855947944195,0.021375660000000005,-1.214186440112306,0.001104998593206805,-0.019438658569742723
TabPFN,2014-06-30,500,0.0029008916731880934,0.04044596439999989,0.0455356,0.005089635600000114,2.0285955756560093e-05,0.005089635600000114,-0.28910295778623896,0.0021075796416774512,-0.011309879330883262
TabPFN,2014-07-31,500,-0.18896082437835734,-0.04323096,-0.08298413999999997,-0.03975317999999997,-0.0013214043662822192,-0.03975317999999997,2.258071662224402,0.0034587184871108694,0.011063102803765223
TabPFN,2014-08-31,500,-0.10662759130567696,0.029435899999999994,0.012284844399999892,-0.017151055600000104,-0.0007456474916480906,-0.017151055600000104,0.9742192354824295,0.002878906986599036,-0.00022627485742498713
TabPFN,2014-09-30,500,-0.0368828699872806,-0.06709937560000011,-0.058940099999999995,0.008159275600000113,-0.000257922167743221,0.008159275600000113,-0.4634655395276372,0.0023877469773145544,-0.0128404333144641
TabPFN,2014-10-31,500,0.12867884122046874,-0.07584260000000001,0.01831706,0.09415966,0.0008998520365067744,0.09415966,-5.348484321774629,0.00122181943359801,-0.05644860606374967
TabPFN,2014-11-30,500,0.059621118615311726,-0.047226399999999995,-0.002819539999999999,0.04440685999999999,0.0004169308994077743,0.04440685999999999,-2.522411343554563,0.0017081414237751721,-0.03099416462455525
TabPFN,2014-12-31,500,0.022152840511475348,-0.05506289999999999,-0.012233999999999998,0.04282889999999999,0.0001549149686117157,0.04282889999999999,-2.432779601889528,0.0019720025371824704,-0.030199234608664208
TabPFN,2015-01-31,500,0.02204131844805277,-0.06614888,-0.03320221560000011,0.03294666439999988,0.00015413509404232705,0.03294666439999988,-1.8714459886343011,0.0019727879038262913,-0.02523261929161043
TabPFN,2015-02-28,500,-0.17540170707431757,0.1238891643999999,0.04899521999999999,-0.07489394439999991,-0.001226585364156067,-0.07489394439999991,4.254147555537693,0.0033632317455331248,0.02878979675445954
TabPFN,2015-03-31,500,0.033069069006511395,0.003565904399999893,0.030045620000000006,0.026479715600000113,0.000231252230814765,0.026479715600000113,-1.504108486921593,0.0018951276886258785,-0.02199198397054073
TabPFN,2015-04-30,500,-0.0807956608781234,0.029504948799999785,-0.016085179999999998,-0.04559012879999978,-0.0005650046215253385,-0.04559012879999978,2.5896237211825617,0.0026969919835880957,0.013989078494281649
TabPFN,2015-05-31,500,-0.1179999816639259,0.02036310439999989,-0.03894558,-0.059308684399999895,-0.0008251746969505308,-0.059308684399999895,3.3688690959427734,0.0029589942426430428,0.02089164979058971
TabPFN,2015-06-30,500,0.14622882450072752,-0.06448843560000009,0.02170106439999989,0.08618949999999997,0.0010225791923127799,0.08618949999999997,-4.895760981418095,0.0010982280020468919,-0.05230801957185022
TabPFN,2015-07-31,500,0.05232495208789577,-0.07948326,-0.010267600000000005,0.06921566,0.00036590875585941094,0.06921566,-3.9316079978547425,0.0017595228781935941,-0.043578805522973114
TabPFN,2015-08-31,500,0.06506634144288218,-0.055491475600000104,-0.0445574,0.010934075600000107,0.0004550093807194558,0.010934075600000107,-0.621080534059905,0.0016697947841443942,-0.014224483605849495
TabPFN,2015-09-30,500,0.14609901043832707,-0.13778411999999998,-0.08586490000000001,0.051919219999999974,0.001021671401666623,0.051919219999999974,-2.9491305955094527,0.001099142185584923,-0.03478677558377499
TabPFN,2015-10-31,500,-0.15123976770295866,0.057856224399999885,0.029291560000000005,-0.02856466439999988,-0.001057620753167543,-0.02856466439999988,1.6225383534748663,0.0031930772429179213,0.005468182892870395
TabPFN,2015-11-30,500,0.06865417562544307,-0.030198075600000113,0.03033406,0.06053213560000011,0.0004800991302478536,0.06053213560000011,-3.438363925911972,0.0016445283462390358,-0.039153428811989105
TabPFN,2015-12-31,500,-0.025344521874225267,-0.014889375600000105,-0.04755388,-0.03266450439999989,-0.000177234418700876,-0.03266450439999989,1.8554186544634697,0.0023064910046874045,0.007516538603898784
TabPFN,2016-01-31,500,0.20026688664342981,-0.08256859560000011,-0.07092238,0.01164621560000012,0.0014004677387652435,0.01164621560000012,-0.6615317169221696,0.0007176782686475799,-0.014579783612632532
TabPFN,2016-02-29,500,0.06330735633011594,-0.0010451156000001007,0.026406244399999897,0.027451359999999998,0.0004427087855252863,0.027451359999999998,-1.5593001139913967,0.0016821820032483818,-0.02247846382902981
TabPFN,2016-03-31,500,-0.03601838443551186,0.13573737519999918,0.09733048,-0.03840689519999918,-0.00025187681423434867,-0.03840689519999918,2.1815996024755915,0.002381659050893648,0.010388999173224141
TabPFN,2016-04-30,500,-0.040209112961926856,0.07514162879999979,0.08467704879999978,0.009535419999999989,-0.0002811826081253626,0.009535419999999989,-0.5416336929374657,0.0024111712236148802,-0.013526777753248127
TabPFN,2016-05-31,500,-0.08988705581626495,0.024294984399999896,-0.04886255999999999,-0.07315754439999989,-0.0006285808099039508,-0.07315754439999989,4.155516059031338,0.0027610158916031766,0.027906341775009967
TabPFN,2016-06-30,500,0.020924799822149148,0.004715968799999788,0.01125050439999989,0.006534535600000103,0.00014632727148356048,0.006534535600000103,-0.3711765867323514,0.0019806507110509647,-0.012030255649494838
TabPFN,2016-07-31,500,-0.05771821764334509,0.07014228,0.0799363243999999,0.009794044399999896,-0.0004036238996038118,0.009794044399999896,-0.5563241511297305,0.0025344747777093753,-0.01365577949503806
TabPFN,2016-08-31,500,0.0009144997677390496,0.041089304399999894,0.013893100000000002,-0.027196204399999892,6.395103270902444e-06,-0.027196204399999892,1.544806691582973,0.0021215683170679373,0.004784869242585882
TabPFN,2016-09-30,500,0.04636622970560508,0.0067658,0.04210668,0.03534088,0.0003242393685706649,0.03534088,-2.0074429176753457,0.001801485711871698,-0.02643416763556861
TabPFN,2016-10-31,500,-0.003113582098300175,-0.08706555999999999,-0.0827364956000001,0.004329064399999888,-2.177330138671451e-05,0.004329064399999888,-0.24590077185232073,0.002149935090772439,-0.010930727403339188
TabPFN,2016-11-30,500,0.021732803787768457,0.04190674879999979,0.04979600000000001,0.007889251200000218,0.00015197764886551367,0.007889251200000218,-0.4481275352283859,0.0019749605422789977,-0.01270577448036859
TabPFN,2016-12-31,500,0.13079113308328,-0.03805611560000011,0.006038199999999997,0.0440943156000001,0.0009146233082746853,0.0440943156000001,-2.50465810588083,0.00120694413878948,-0.030836669403914985
TabPFN,2017-01-31,500,-0.13914455059661038,0.0609526643999999,0.009269179999999997,-0.0516834843999999,-0.0009730388153609118,-0.0516834843999999,2.9357402735745124,0.003107899657661948,0.017050110206392053
TabPFN,2017-02-28,500,-0.007140702619333129,-0.020851159999999994,0.028617104399999902,0.04946826439999989,-4.993498335197992e-05,0.04946826439999989,-2.8099107045288974,0.002178295094441685,-0.033547875041442375
TabPFN,2017-03-31,500,0.008618630611466132,0.0168492843999999,0.024337328799999787,0.007488044399999887,6.027014413612679e-05,0.007488044399999887,-0.4253380701900548,0.0020673138745064793,-0.01250570439941036
TabPFN,2017-04-30,500,0.12458043610023202,-0.07853342,-0.026599220000000003,0.0519342,0.0008711918608407833,0.0519342,-2.9499814938149513,0.001250681441487001,-0.03479435241849704
TabPFN,2017-05-31,500,0.17613626259048717,-0.034143811200000214,-0.0014914156000001067,0.032652395600000106,0.0012317221160173927,0.032652395600000106,-1.8547308468932813,0.0008876122408514013,-0.025085009568462026
TabPFN,2017-06-30,500,-0.12480558407772542,0.07941156,0.014186944399999896,-0.0652246156000001,-0.000872766322221856,-0.0652246156000001,3.7049075360974904,0.003006921020205011,0.023881714172812363
TabPFN,2017-07-31,500,-0.03364343622584266,-0.0036695956000001063,0.00883250439999989,0.012502099999999997,-0.00023526878479610255,0.012502099999999997,-0.7101479108915492,0.0023649340635016115,-0.01500685322017426
TabPFN,2017-08-31,500,0.013425423690213701,0.042294177599999566,0.0010366000000000008,-0.04125757759999957,9.388408174974616e-05,-0.04125757759999957,2.3435248911051483,0.002033463219022341,0.011816702478764428
TabPFN,2017-09-30,500,-0.1062504419022148,0.14800019319999966,0.0577828643999999,-0.09021732879999976,-0.0007430100832322713,-0.09021732879999976,5.124550881334803,0.002876251004884514,0.03663085471628834
TabPFN,2017-10-31,500,0.04142374335686432,-0.06423785560000012,0.006919744399999891,0.0711576,0.0002896765269710792,0.0711576,-4.041914637065494,0.0018362919537642383,-0.04457194954424139
TabPFN,2017-11-30,500,0.08319554074248216,-0.004459735600000108,0.0424225843999999,0.046882320000000005,0.0005817869981991759,0.046882320000000005,-2.6630231405723124,0.0015421243665415777,-0.032242379937200964
TabPFN,2017-12-31,500,-0.06804024375656806,0.011064540000000003,0.013189200000000002,0.0021246599999999987,-0.00047580590039558084,0.0021246599999999987,-0.12068555365537297,0.002607165102450382,-0.00983195368148143
TabPFN,2018-01-31,500,-0.08099257907147261,0.07912031319999968,0.019251864399999895,-0.059868448799999786,-0.0005663816718284798,-0.059868448799999786,3.400664995771713,0.002698378731428583,0.021174188635618228
TabPFN,2018-02-28,500,0.0174838787747413,-0.07522026,-0.03213575560000011,0.04308450439999989,0.00012226488653665246,0.04308450439999989,-2.447298517165731,0.002004882549412992,-0.030327962844560703
TabPFN,2018-03-31,500,0.019687273273649292,0.017461901999999464,0.03335374000000001,0.015891838000000543,0.00013767323967586918,0.015891838000000543,-0.9026927920851155,0.001989365686744626,-0.016698886046179643
TabPFN,2018-04-30,500,0.01994887979551918,0.0010096199999999995,0.022033900000000006,0.021024280000000006,0.00013950265591272155,0.021024280000000006,-1.19422725142168,0.001987523387294838,-0.019263003274484998
TabPFN,2018-05-31,500,-0.00038088157837326466,0.06340857999999999,0.05175748879999979,-0.0116510912000002,-2.6635075410717807e-06,-0.0116510912000002,0.6618086621677203,0.0021306907209137985,-0.002967572117303966
TabPFN,2018-06-30,500,0.00033691340425507363,0.0027202199999999954,0.021691520000000006,0.01897130000000001,2.3560377919935217e-06,0.01897130000000001,-1.077613285919714,0.002125635826669937,-0.01823700751376062
TabPFN,2018-07-31,500,0.02367513697336115,-0.006231659999999999,-0.00127054,0.004961119999999999,0.00016556039841511295,0.004961119999999999,-0.28180297739438037,0.0019612821395635564,-0.011245811145653161
TabPFN,2018-08-31,500,0.0005017940553484531,0.020249244399999897,-0.01822422,-0.03847346439999989,3.5090493381010708e-06,-0.03847346439999989,2.185380885484864,0.002124474695324209,0.010422324993235466
TabPFN,2018-09-30,500,-0.01025716644445109,-0.052661419999999994,-0.020764559999999998,0.03189686,-7.172843667448316e-05,0.03189686,-1.8118146945713298,0.0022002420227875863,-0.024706089922236014
TabPFN,2018-10-31,500,0.07542284444636285,-0.09691282000000001,-0.07685597560000011,0.0200568443999999,0.0005274324786458941,0.0200568443999999,-1.1392746938303804,0.0015968616644015726,-0.01877945740564635
TabPFN,2018-11-30,500,0.03953620869652472,-0.0156054,-0.0027138199999999983,0.012891580000000001,0.00027647698389178125,0.012891580000000001,-0.7322712668344743,0.0018495844513722634,-0.015201215936972812
TabPFN,2018-12-31,500,0.038310106866571415,-0.16133018,-0.15871645999999998,0.002613720000000014,0.00026790284522077915,0.002613720000000014,-0.14846528164512124,0.0018582189713015121,-0.010075706282296435
TabPFN,2019-01-31,500,-0.3673871405289549,0.2123898731999997,0.058216979999999995,-0.1541728931999997,-0.002569140842859824,-0.1541728931999997,8.757373403035148,0.004715241840284092,0.07059854487912891
TabPFN,2019-02-28,500,0.02321060945346816,0.0539878,0.06286539319999968,0.008877593199999673,0.00016231195422005705,0.008877593199999673,-0.5042676242171149,0.001964553460126183,-0.013198674660159495
TabPFN,2019-03-31,500,-0.11753416516568437,-0.013560860000000001,-0.015052220000000003,-0.0014913600000000023,-0.0008219172389208697,-0.0014913600000000023,0.0847126633435361,0.0029557138447681023,-0.00802992420201935
TabPFN,2019-04-30,500,-0.07806401200312067,0.01283874439999989,0.016267180000000003,0.0034284356000001126,-0.0005459021818400047,0.0034284356000001126,-0.19474299349439658,0.0026777550196796255,-0.01048178955253506
TabPFN,2019-05-31,500,0.038511704764133736,-0.12388997560000009,-0.0698481956000001,0.05404178,0.00026931262072820794,0.05404178,-3.0696968643556453,0.0018567992677975523,-0.035860956542189584
TabPFN,2019-06-30,500,-0.1551397997292649,0.05461199999999999,0.03505446439999989,-0.0195575356000001,-0.0010848937044004537,-0.0195575356000001,1.1109128105300048,0.0032205422571876833,0.0009735966280417051
TabPFN,2019-07-31,500,-0.00294116404700795,-0.0289491956000001,-0.01731992,0.0116292756000001,-2.0567580748307342e-05,0.0116292756000001,-0.6605694861281016,0.0021487208791436205,-0.01457133147295615
TabPFN,2019-08-31,500,0.09106527090058715,-0.04988284000000001,-0.03340156000000001,0.01648128,0.0006368200762278822,0.01648128,-0.9361744475583041,0.0014867037316253452,-0.016993223345214418
TabPFN,2019-09-30,500,-0.06353131551140748,0.05440861319999968,-0.013942940000000001,-0.06835155319999968,-0.0004442749336462061,-0.06835155319999968,3.8825247527353297,0.002575412086639392,0.02546593077462337
TabPFN,2019-10-31,500,0.042142811971224804,-0.004534840000000001,-0.022995135600000105,-0.018460295600000103,0.0002947049788197539,-0.018460295600000103,1.0485870657553957,0.0018312280902828262,0.00042647263820187736
TabPFN,2019-11-30,500,-0.016012965855519087,0.04166913319999968,0.02711268439999989,-0.014556448799999792,-0.00011197878220642718,-0.014556448799999792,0.8268396273681743,0.0022407758214570794,-0.0015196240298112262
TabPFN,2019-12-31,500,0.03918864980110182,0.07651451319999966,0.08451554879999978,0.008001035600000123,0.00027404650210560716,0.008001035600000123,-0.45447714514433585,0.0018520320492273546,-0.01276151984359519
TabPFN,2020-01-31,500,-0.08939709443726422,-0.011791011200000211,-0.04462385120000021,-0.03283284,-0.0006251545065542953,-0.03283284,1.864980502046576,0.002757565459356693,0.007600683080666958
TabPFN,2020-02-29,500,0.1797115824302858,-0.09896358000000001,-0.007373315600000099,0.09159026439999991,0.0012567243526593413,0.09159026439999991,-5.202536767556217,0.0008624339321204251,-0.05511058923333861
TabPFN,2020-03-31,500,0.10300523965251442,-0.2437831,-0.20593694000000004,0.03784615999999996,0.0007203163612063945,0.03784615999999996,-2.149748558983474,0.001402619444639942,-0.027692596209757336
TabPFN,2020-04-30,500,-0.30292460961926054,0.24468410399999896,0.10019260879999978,-0.14449149519999918,-0.0021183539134214022,-0.14449149519999918,8.207447825395393,0.0042612803550045545,0.06529197262258774
TabPFN,2020-05-31,500,0.09126785496696631,0.04462731319999968,0.081012,0.03638468680000032,0.0006382367480207434,0.03638468680000032,-2.0667335343233186,0.0014852770832705622,-0.026958336840452617
TabPFN,2020-06-30,500,-0.054130124142565225,0.09715961319999968,0.022590988799999795,-0.07456862439999988,-0.0003785323366612953,-0.07456862439999988,4.235668634526721,0.002509206513619376,0.02862420614741851
TabPFN,2020-07-31,500,-0.08163387953919034,0.036826984399999894,0.013925421999999472,-0.022901562400000422,-0.0005708662904838485,-0.022901562400000422,1.3008611908809524,0.002702894931905468,0.0026415266563995596
TabPFN,2020-08-31,500,-0.009329210538919866,-0.010277315600000107,-0.019006451200000208,-0.0087291356000001,-6.523923453790116e-05,-0.0087291356000001,0.4958348925563803,0.002193707122044409,-0.00442357609724507
TabPFN,2020-09-30,500,-0.016225081077767232,-0.023204726800000314,-0.03839916000000001,-0.015194433199999694,-0.0001134621054389317,-0.015194433199999694,0.8630786023276875,0.0022422695906278408,-0.0012016310841315057
TabPFN,2020-10-31,500,0.067833888456118,-0.02347333560000011,-0.0076922712000002105,0.0157810643999999,0.0004743628563364895,0.0157810643999999,-0.8964005979239431,0.0016503050164455506,-0.016643575165811927
TabPFN,2020-11-30,500,-0.1812095398305614,0.21064405759999957,0.11134266439999989,-0.09930139319999969,-0.001267199579234695,-0.09930139319999969,5.640546542548858,0.003404131976210898,0.04132214168853367
TabPFN,2020-12-31,500,0.028970076206678977,0.03309668,0.028351688799999785,-0.004744991200000218,0.0002025879455012516,-0.004744991200000218,0.2695263666007263,0.0019239938351035717,-0.006408717825522376
TabPFN,2021-01-31,500,0.029670087585282334,0.11676310879999978,0.08749131319999968,-0.029271795600000095,0.00020748312996700933,-0.029271795600000095,1.6627050250265565,0.0019190641775077735,0.005821348550537335
TabPFN,2021-02-28,500,-0.10460739879442231,0.08418139999999999,0.03295407319999968,-0.05122732680000031,-0.0007315202712896666,-0.05122732680000031,2.9098294772541333,0.0028646802787732992,0.016820703262824418
TabPFN,2021-03-31,500,0.027956062687760994,-0.021081560000000003,-0.00834182680000032,0.012739733199999683,0.00019549694187245451,0.012739733199999683,-0.7236460208521358,0.0019311347753776418,-0.015125438126159142
TabPFN,2021-04-30,500,0.2019028526854236,-0.02438533560000011,0.030338544399999896,0.05472388,0.0014119080607372279,0.05472388,-3.108441706423708,0.0007061573810279053,-0.03620641195771944
TabPFN,2021-05-31,500,0.16380016651271073,-0.057738715600000094,0.006627439999999999,0.0643661556000001,0.0011454557098790961,0.0643661556000001,-3.6561450421497566,0.0009744861568920805,-0.041104330206181004
TabPFN,2021-06-30,500,-0.08196821167627003,0.021082508799999785,0.01644024,-0.004642268799999787,-0.0005732042774564337,-0.004642268799999787,0.26369149903751116,0.0027052493835750435,-0.006459900256928453
TabPFN,2021-07-31,500,-0.1304897595400943,-0.0478044,-0.09092874000000001,-0.04312434000000001,-0.0009125158009796805,-0.04312434000000001,2.4495612704727114,0.0030469504248695806,0.012752324195043473
TabPFN,2021-08-31,500,0.06320177197551499,0.03003924439999989,0.03725828439999989,0.0072190399999999995,0.0004419704333952097,0.0072190399999999995,-0.4100580042266923,0.0016829255550413463,-0.012371565201860956
TabPFN,2021-09-30,500,0.03437263531323104,-0.01888019560000011,-0.024518895600000104,-0.005638699999999993,0.00024036807911350375,-0.005638699999999993,0.32029107311125127,0.00188594764421236,-0.005963420624167333
TabPFN,2021-10-31,500,0.01778181598079111,0.0004570400000000008,0.01006286,0.00960582,0.00012434836350203575,0.00960582,-0.5456325741595621,0.0020027844000746133,-0.013561892782788855
TabPFN,2021-11-30,500,0.11391483123828411,-0.09056115120000023,-0.05157864,0.03898251120000023,0.0007966072114565323,0.03898251120000023,-2.2142959094861334,0.0013257913348810003,-0.028263801636161157
TabPFN,2021-12-31,500,0.30339671500326254,-0.11487276000000002,0.006093680000000002,0.12096644000000002,0.0021216553496731646,0.12096644000000002,-6.871170815622013,-8.58812825265058e-06,-0.07061466189042008
