model,previous_date,date,k,common_assets,cross_date_rank_spearman,mean_absolute_rank_migration,top_overlap_fraction,bottom_overlap_fraction,top_jaccard,bottom_jaccard
FinPFN,2010-02-28,2010-03-31,10,53,0.467908401870666,0.23358490566037735,0.0,0.0,0.0,0.0
FinPFN,2010-02-28,2010-03-31,20,53,0.467908401870666,0.23358490566037735,0.05,0.0,0.02564102564102564,0.0
FinPFN,2010-02-28,2010-03-31,40,53,0.467908401870666,0.23358490566037735,0.025,0.025,0.012658227848101266,0.012658227848101266
FinPFN,2010-03-31,2010-04-30,10,47,0.21877890841813136,0.2741276595744681,0.0,0.0,0.0,0.0
FinPFN,2010-03-31,2010-04-30,20,47,0.21877890841813136,0.2741276595744681,0.0,0.0,0.0,0.0
FinPFN,2010-03-31,2010-04-30,40,47,0.21877890841813136,0.2741276595744681,0.0,0.0,0.0,0.0
FinPFN,2010-04-30,2010-05-31,10,47,0.6214153561517114,0.18817021276595744,0.0,0.0,0.0,0.0
FinPFN,2010-04-30,2010-05-31,20,47,0.6214153561517114,0.18817021276595744,0.0,0.0,0.0,0.0
FinPFN,2010-04-30,2010-05-31,40,47,0.6214153561517114,0.18817021276595744,0.0,0.075,0.0,0.03896103896103896
FinPFN,2010-05-31,2010-06-30,10,40,0.44878048780487806,0.23335,0.0,0.0,0.0,0.0
FinPFN,2010-05-31,2010-06-30,20,40,0.44878048780487806,0.23335,0.0,0.0,0.0,0.0
FinPFN,2010-05-31,2010-06-30,40,40,0.44878048780487806,0.23335,0.025,0.05,0.012658227848101266,0.02564102564102564
FinPFN,2010-06-30,2010-07-31,10,46,0.16682084489670057,0.30826086956521737,0.0,0.0,0.0,0.0
FinPFN,2010-06-30,2010-07-31,20,46,0.16682084489670057,0.30826086956521737,0.0,0.0,0.0,0.0
FinPFN,2010-06-30,2010-07-31,40,46,0.16682084489670057,0.30826086956521737,0.0,0.05,0.0,0.02564102564102564
FinPFN,2010-07-31,2010-08-31,10,55,0.40014430014430025,0.25632727272727274,0.0,0.0,0.0,0.0
FinPFN,2010-07-31,2010-08-31,20,55,0.40014430014430025,0.25632727272727274,0.0,0.0,0.0,0.0
FinPFN,2010-07-31,2010-08-31,40,55,0.40014430014430025,0.25632727272727274,0.05,0.0,0.02564102564102564,0.0
FinPFN,2010-08-31,2010-09-30,10,28,0.2523262178434592,0.27478571428571424,0.0,0.0,0.0,0.0
FinPFN,2010-08-31,2010-09-30,20,28,0.2523262178434592,0.27478571428571424,0.0,0.0,0.0,0.0
FinPFN,2010-08-31,2010-09-30,40,28,0.2523262178434592,0.27478571428571424,0.0,0.025,0.0,0.012658227848101266
FinPFN,2010-09-30,2010-10-31,10,49,0.14908163265306124,0.30044897959183675,0.0,0.0,0.0,0.0
FinPFN,2010-09-30,2010-10-31,20,49,0.14908163265306124,0.30044897959183675,0.05,0.0,0.02564102564102564,0.0
FinPFN,2010-09-30,2010-10-31,40,49,0.14908163265306124,0.30044897959183675,0.025,0.0,0.012658227848101266,0.0
FinPFN,2010-10-31,2010-11-30,10,37,0.24039829302987195,0.2510810810810811,0.0,0.0,0.0,0.0
FinPFN,2010-10-31,2010-11-30,20,37,0.24039829302987195,0.2510810810810811,0.0,0.0,0.0,0.0
FinPFN,2010-10-31,2010-11-30,40,37,0.24039829302987195,0.2510810810810811,0.0,0.0,0.0,0.0
FinPFN,2010-11-30,2010-12-31,10,32,0.5263929618768328,0.2054375,0.0,0.0,0.0,0.0
FinPFN,2010-11-30,2010-12-31,20,32,0.5263929618768328,0.2054375,0.0,0.0,0.0,0.0
FinPFN,2010-11-30,2010-12-31,40,32,0.5263929618768328,0.2054375,0.0,0.025,0.0,0.012658227848101266
FinPFN,2010-12-31,2011-01-31,10,45,0.5411067193675888,0.20351111111111114,0.1,0.0,0.05263157894736842,0.0
FinPFN,2010-12-31,2011-01-31,20,45,0.5411067193675888,0.20351111111111114,0.05,0.0,0.02564102564102564,0.0
FinPFN,2010-12-31,2011-01-31,40,45,0.5411067193675888,0.20351111111111114,0.025,0.05,0.012658227848101266,0.02564102564102564
FinPFN,2011-01-31,2011-02-28,10,48,0.23415110725141122,0.28133333333333327,0.0,0.0,0.0,0.0
FinPFN,2011-01-31,2011-02-28,20,48,0.23415110725141122,0.28133333333333327,0.0,0.0,0.0,0.0
FinPFN,2011-01-31,2011-02-28,40,48,0.23415110725141122,0.28133333333333327,0.0,0.0,0.0,0.0
FinPFN,2011-02-28,2011-03-31,10,48,0.06936604429005645,0.29933333333333334,0.0,0.0,0.0,0.0
FinPFN,2011-02-28,2011-03-31,20,48,0.06936604429005645,0.29933333333333334,0.0,0.0,0.0,0.0
FinPFN,2011-02-28,2011-03-31,40,48,0.06936604429005645,0.29933333333333334,0.0,0.0,0.0,0.0
FinPFN,2011-03-31,2011-04-30,10,40,0.4885553470919326,0.20590000000000003,0.0,0.0,0.0,0.0
FinPFN,2011-03-31,2011-04-30,20,40,0.4885553470919326,0.20590000000000003,0.0,0.05,0.0,0.02564102564102564
FinPFN,2011-03-31,2011-04-30,40,40,0.4885553470919326,0.20590000000000003,0.0,0.05,0.0,0.02564102564102564
FinPFN,2011-04-30,2011-05-31,10,48,0.533434650455927,0.216875,0.1,0.0,0.05263157894736842,0.0
FinPFN,2011-04-30,2011-05-31,20,48,0.533434650455927,0.216875,0.05,0.05,0.02564102564102564,0.02564102564102564
FinPFN,2011-04-30,2011-05-31,40,48,0.533434650455927,0.216875,0.05,0.05,0.02564102564102564,0.02564102564102564
FinPFN,2011-05-31,2011-06-30,10,36,0.6074646074646075,0.1978888888888889,0.0,0.0,0.0,0.0
FinPFN,2011-05-31,2011-06-30,20,36,0.6074646074646075,0.1978888888888889,0.05,0.05,0.02564102564102564,0.02564102564102564
FinPFN,2011-05-31,2011-06-30,40,36,0.6074646074646075,0.1978888888888889,0.05,0.1,0.02564102564102564,0.05263157894736842
FinPFN,2011-06-30,2011-07-31,10,51,0.6860633484162896,0.18690196078431373,0.0,0.0,0.0,0.0
FinPFN,2011-06-30,2011-07-31,20,51,0.6860633484162896,0.18690196078431373,0.0,0.0,0.0,0.0
FinPFN,2011-06-30,2011-07-31,40,51,0.6860633484162896,0.18690196078431373,0.0,0.05,0.0,0.02564102564102564
FinPFN,2011-07-31,2011-08-31,10,36,0.5516087516087517,0.19322222222222224,0.0,0.0,0.0,0.0
FinPFN,2011-07-31,2011-08-31,20,36,0.5516087516087517,0.19322222222222224,0.0,0.0,0.0,0.0
FinPFN,2011-07-31,2011-08-31,40,36,0.5516087516087517,0.19322222222222224,0.0,0.0,0.0,0.0
FinPFN,2011-08-31,2011-09-30,10,44,0.387737843551797,0.24709090909090914,0.0,0.1,0.0,0.05263157894736842
FinPFN,2011-08-31,2011-09-30,20,44,0.387737843551797,0.24709090909090914,0.0,0.05,0.0,0.02564102564102564
FinPFN,2011-08-31,2011-09-30,40,44,0.387737843551797,0.24709090909090914,0.025,0.025,0.012658227848101266,0.012658227848101266
FinPFN,2011-09-30,2011-10-31,10,39,0.08117408906882592,0.303948717948718,0.0,0.0,0.0,0.0
FinPFN,2011-09-30,2011-10-31,20,39,0.08117408906882592,0.303948717948718,0.0,0.0,0.0,0.0
FinPFN,2011-09-30,2011-10-31,40,39,0.08117408906882592,0.303948717948718,0.0,0.0,0.0,0.0
FinPFN,2011-10-31,2011-11-30,10,44,-0.0971106412966878,0.3245,0.0,0.0,0.0,0.0
FinPFN,2011-10-31,2011-11-30,20,44,-0.0971106412966878,0.3245,0.0,0.0,0.0,0.0
FinPFN,2011-10-31,2011-11-30,40,44,-0.0971106412966878,0.3245,0.0,0.0,0.0,0.0
FinPFN,2011-11-30,2011-12-31,10,44,0.48893587033121916,0.21113636363636365,0.0,0.1,0.0,0.05263157894736842
FinPFN,2011-11-30,2011-12-31,20,44,0.48893587033121916,0.21113636363636365,0.0,0.05,0.0,0.02564102564102564
FinPFN,2011-11-30,2011-12-31,40,44,0.48893587033121916,0.21113636363636365,0.025,0.025,0.012658227848101266,0.012658227848101266
FinPFN,2011-12-31,2012-01-31,10,38,0.26118831381989277,0.2816315789473684,0.0,0.0,0.0,0.0
FinPFN,2011-12-31,2012-01-31,20,38,0.26118831381989277,0.2816315789473684,0.05,0.05,0.02564102564102564,0.02564102564102564
FinPFN,2011-12-31,2012-01-31,40,38,0.26118831381989277,0.2816315789473684,0.025,0.025,0.012658227848101266,0.012658227848101266
FinPFN,2012-01-31,2012-02-29,10,42,0.14950166112956811,0.27376190476190476,0.0,0.0,0.0,0.0
FinPFN,2012-01-31,2012-02-29,20,42,0.14950166112956811,0.27376190476190476,0.0,0.0,0.0,0.0
FinPFN,2012-01-31,2012-02-29,40,42,0.14950166112956811,0.27376190476190476,0.0,0.025,0.0,0.012658227848101266
FinPFN,2012-02-29,2012-03-31,10,51,0.5477828054298642,0.21125490196078434,0.0,0.0,0.0,0.0
FinPFN,2012-02-29,2012-03-31,20,51,0.5477828054298642,0.21125490196078434,0.0,0.0,0.0,0.0
FinPFN,2012-02-29,2012-03-31,40,51,0.5477828054298642,0.21125490196078434,0.0,0.025,0.0,0.012658227848101266
FinPFN,2012-03-31,2012-04-30,10,29,0.5236453201970442,0.20041379310344828,0.0,0.0,0.0,0.0
FinPFN,2012-03-31,2012-04-30,20,29,0.5236453201970442,0.20041379310344828,0.0,0.05,0.0,0.02564102564102564
FinPFN,2012-03-31,2012-04-30,40,29,0.5236453201970442,0.20041379310344828,0.0,0.05,0.0,0.02564102564102564
FinPFN,2012-04-30,2012-05-31,10,49,0.47887755102040813,0.2606938775510204,0.0,0.0,0.0,0.0
FinPFN,2012-04-30,2012-05-31,20,49,0.47887755102040813,0.2606938775510204,0.0,0.0,0.0,0.0
FinPFN,2012-04-30,2012-05-31,40,49,0.47887755102040813,0.2606938775510204,0.0,0.025,0.0,0.012658227848101266
FinPFN,2012-05-31,2012-06-30,10,47,0.4964153561517114,0.2507659574468085,0.0,0.0,0.0,0.0
FinPFN,2012-05-31,2012-06-30,20,47,0.4964153561517114,0.2507659574468085,0.0,0.0,0.0,0.0
FinPFN,2012-05-31,2012-06-30,40,47,0.4964153561517114,0.2507659574468085,0.025,0.05,0.012658227848101266,0.02564102564102564
FinPFN,2012-06-30,2012-07-31,10,38,0.25374767480030636,0.27589473684210525,0.0,0.0,0.0,0.0
FinPFN,2012-06-30,2012-07-31,20,38,0.25374767480030636,0.27589473684210525,0.0,0.0,0.0,0.0
FinPFN,2012-06-30,2012-07-31,40,38,0.25374767480030636,0.27589473684210525,0.0,0.0,0.0,0.0
FinPFN,2012-07-31,2012-08-31,10,39,0.42773279352226723,0.24076923076923074,0.0,0.0,0.0,0.0
FinPFN,2012-07-31,2012-08-31,20,39,0.42773279352226723,0.24076923076923074,0.0,0.0,0.0,0.0
FinPFN,2012-07-31,2012-08-31,40,39,0.42773279352226723,0.24076923076923074,0.025,0.0,0.012658227848101266,0.0
FinPFN,2012-08-31,2012-09-30,10,56,0.3137388926862611,0.25310714285714286,0.1,0.0,0.05263157894736842,0.0
FinPFN,2012-08-31,2012-09-30,20,56,0.3137388926862611,0.25310714285714286,0.05,0.0,0.02564102564102564,0.0
FinPFN,2012-08-31,2012-09-30,40,56,0.3137388926862611,0.25310714285714286,0.05,0.0,0.02564102564102564,0.0
FinPFN,2012-09-30,2012-10-31,10,46,0.4548257786000616,0.21334782608695652,0.0,0.2,0.0,0.1111111111111111
FinPFN,2012-09-30,2012-10-31,20,46,0.4548257786000616,0.21334782608695652,0.0,0.1,0.0,0.05263157894736842
FinPFN,2012-09-30,2012-10-31,40,46,0.4548257786000616,0.21334782608695652,0.0,0.1,0.0,0.05263157894736842
FinPFN,2012-10-31,2012-11-30,10,37,0.2728781412991939,0.23275675675675675,0.0,0.0,0.0,0.0
FinPFN,2012-10-31,2012-11-30,20,37,0.2728781412991939,0.23275675675675675,0.0,0.0,0.0,0.0
FinPFN,2012-10-31,2012-11-30,40,37,0.2728781412991939,0.23275675675675675,0.025,0.0,0.012658227848101266,0.0
FinPFN,2012-11-30,2012-12-31,10,59,0.43793103448275866,0.25159322033898307,0.0,0.0,0.0,0.0
FinPFN,2012-11-30,2012-12-31,20,59,0.43793103448275866,0.25159322033898307,0.0,0.05,0.0,0.02564102564102564
FinPFN,2012-11-30,2012-12-31,40,59,0.43793103448275866,0.25159322033898307,0.0,0.075,0.0,0.03896103896103896
FinPFN,2012-12-31,2013-01-31,10,48,0.3506296135475467,0.24245833333333336,0.0,0.0,0.0,0.0
FinPFN,2012-12-31,2013-01-31,20,48,0.3506296135475467,0.24245833333333336,0.0,0.0,0.0,0.0
FinPFN,2012-12-31,2013-01-31,40,48,0.3506296135475467,0.24245833333333336,0.075,0.0,0.03896103896103896,0.0
FinPFN,2013-01-31,2013-02-28,10,61,0.22453728186144895,0.2802295081967213,0.0,0.0,0.0,0.0
FinPFN,2013-01-31,2013-02-28,20,61,0.22453728186144895,0.2802295081967213,0.0,0.0,0.0,0.0
FinPFN,2013-01-31,2013-02-28,40,61,0.22453728186144895,0.2802295081967213,0.025,0.0,0.012658227848101266,0.0
FinPFN,2013-02-28,2013-03-31,10,61,0.3472236911686938,0.24255737704918032,0.0,0.1,0.0,0.05263157894736842
FinPFN,2013-02-28,2013-03-31,20,61,0.3472236911686938,0.24255737704918032,0.0,0.05,0.0,0.02564102564102564
FinPFN,2013-02-28,2013-03-31,40,61,0.3472236911686938,0.24255737704918032,0.025,0.075,0.012658227848101266,0.03896103896103896
FinPFN,2013-03-31,2013-04-30,10,37,0.23873873873873871,0.2655675675675676,0.0,0.0,0.0,0.0
FinPFN,2013-03-31,2013-04-30,20,37,0.23873873873873871,0.2655675675675676,0.0,0.05,0.0,0.02564102564102564
FinPFN,2013-03-31,2013-04-30,40,37,0.23873873873873871,0.2655675675675676,0.025,0.025,0.012658227848101266,0.012658227848101266
FinPFN,2013-04-30,2013-05-31,10,58,0.41720754252668496,0.2427241379310345,0.0,0.1,0.0,0.05263157894736842
FinPFN,2013-04-30,2013-05-31,20,58,0.41720754252668496,0.2427241379310345,0.0,0.05,0.0,0.02564102564102564
FinPFN,2013-04-30,2013-05-31,40,58,0.41720754252668496,0.2427241379310345,0.0,0.075,0.0,0.03896103896103896
FinPFN,2013-05-31,2013-06-30,10,50,0.4721728691476591,0.23424000000000003,0.0,0.0,0.0,0.0
FinPFN,2013-05-31,2013-06-30,20,50,0.4721728691476591,0.23424000000000003,0.0,0.0,0.0,0.0
FinPFN,2013-05-31,2013-06-30,40,50,0.4721728691476591,0.23424000000000003,0.025,0.05,0.012658227848101266,0.02564102564102564
FinPFN,2013-06-30,2013-07-31,10,54,0.5188107489994283,0.21111111111111114,0.0,0.0,0.0,0.0
FinPFN,2013-06-30,2013-07-31,20,54,0.5188107489994283,0.21111111111111114,0.0,0.0,0.0,0.0
FinPFN,2013-06-30,2013-07-31,40,54,0.5188107489994283,0.21111111111111114,0.0,0.025,0.0,0.012658227848101266
FinPFN,2013-07-31,2013-08-31,10,41,0.262020905923345,0.27014634146341465,0.1,0.0,0.05263157894736842,0.0
FinPFN,2013-07-31,2013-08-31,20,41,0.262020905923345,0.27014634146341465,0.05,0.0,0.02564102564102564,0.0
FinPFN,2013-07-31,2013-08-31,40,41,0.262020905923345,0.27014634146341465,0.025,0.0,0.012658227848101266,0.0
FinPFN,2013-08-31,2013-09-30,10,58,0.39524439386016186,0.21910344827586203,0.0,0.0,0.0,0.0
FinPFN,2013-08-31,2013-09-30,20,58,0.39524439386016186,0.21910344827586203,0.0,0.0,0.0,0.0
FinPFN,2013-08-31,2013-09-30,40,58,0.39524439386016186,0.21910344827586203,0.0,0.025,0.0,0.012658227848101266
FinPFN,2013-09-30,2013-10-31,10,50,0.14199279711884752,0.318,0.0,0.0,0.0,0.0
FinPFN,2013-09-30,2013-10-31,20,50,0.14199279711884752,0.318,0.0,0.1,0.0,0.05263157894736842
FinPFN,2013-09-30,2013-10-31,40,50,0.14199279711884752,0.318,0.0,0.05,0.0,0.02564102564102564
FinPFN,2013-10-31,2013-11-30,10,37,0.45614035087719296,0.1997297297297297,0.0,0.0,0.0,0.0
FinPFN,2013-10-31,2013-11-30,20,37,0.45614035087719296,0.1997297297297297,0.0,0.0,0.0,0.0
FinPFN,2013-10-31,2013-11-30,40,37,0.45614035087719296,0.1997297297297297,0.0,0.025,0.0,0.012658227848101266
FinPFN,2013-11-30,2013-12-31,10,41,0.5407665505226482,0.21380487804878048,0.0,0.1,0.0,0.05263157894736842
FinPFN,2013-11-30,2013-12-31,20,41,0.5407665505226482,0.21380487804878048,0.0,0.05,0.0,0.02564102564102564
FinPFN,2013-11-30,2013-12-31,40,41,0.5407665505226482,0.21380487804878048,0.025,0.05,0.012658227848101266,0.02564102564102564
FinPFN,2013-12-31,2014-01-31,10,42,0.2768819382545985,0.27804761904761904,0.0,0.0,0.0,0.0
FinPFN,2013-12-31,2014-01-31,20,42,0.2768819382545985,0.27804761904761904,0.0,0.0,0.0,0.0
FinPFN,2013-12-31,2014-01-31,40,42,0.2768819382545985,0.27804761904761904,0.0,0.0,0.0,0.0
FinPFN,2014-01-31,2014-02-28,10,39,0.41295546558704455,0.23528205128205132,0.0,0.0,0.0,0.0
FinPFN,2014-01-31,2014-02-28,20,39,0.41295546558704455,0.23528205128205132,0.0,0.0,0.0,0.0
FinPFN,2014-01-31,2014-02-28,40,39,0.41295546558704455,0.23528205128205132,0.0,0.0,0.0,0.0
FinPFN,2014-02-28,2014-03-31,10,55,0.6686868686868689,0.18654545454545457,0.0,0.0,0.0,0.0
FinPFN,2014-02-28,2014-03-31,20,55,0.6686868686868689,0.18654545454545457,0.0,0.0,0.0,0.0
FinPFN,2014-02-28,2014-03-31,40,55,0.6686868686868689,0.18654545454545457,0.025,0.075,0.012658227848101266,0.03896103896103896
FinPFN,2014-03-31,2014-04-30,10,51,0.39764705882352935,0.24529411764705886,0.0,0.0,0.0,0.0
FinPFN,2014-03-31,2014-04-30,20,51,0.39764705882352935,0.24529411764705886,0.0,0.0,0.0,0.0
FinPFN,2014-03-31,2014-04-30,40,51,0.39764705882352935,0.24529411764705886,0.0,0.025,0.0,0.012658227848101266
FinPFN,2014-04-30,2014-05-31,10,53,0.6085308821157878,0.20350943396226412,0.0,0.0,0.0,0.0
FinPFN,2014-04-30,2014-05-31,20,53,0.6085308821157878,0.20350943396226412,0.0,0.0,0.0,0.0
FinPFN,2014-04-30,2014-05-31,40,53,0.6085308821157878,0.20350943396226412,0.025,0.025,0.012658227848101266,0.012658227848101266
FinPFN,2014-05-31,2014-06-30,10,47,0.5827937095282146,0.22021276595744685,0.0,0.0,0.0,0.0
FinPFN,2014-05-31,2014-06-30,20,47,0.5827937095282146,0.22021276595744685,0.0,0.0,0.0,0.0
FinPFN,2014-05-31,2014-06-30,40,47,0.5827937095282146,0.22021276595744685,0.025,0.0,0.012658227848101266,0.0
FinPFN,2014-06-30,2014-07-31,10,47,0.6193339500462535,0.19174468085106383,0.0,0.0,0.0,0.0
FinPFN,2014-06-30,2014-07-31,20,47,0.6193339500462535,0.19174468085106383,0.0,0.0,0.0,0.0
FinPFN,2014-06-30,2014-07-31,40,47,0.6193339500462535,0.19174468085106383,0.0,0.025,0.0,0.012658227848101266
FinPFN,2014-07-31,2014-08-31,10,52,0.4880047810125502,0.24215384615384614,0.0,0.0,0.0,0.0
FinPFN,2014-07-31,2014-08-31,20,52,0.4880047810125502,0.24215384615384614,0.1,0.0,0.05263157894736842,0.0
FinPFN,2014-07-31,2014-08-31,40,52,0.4880047810125502,0.24215384615384614,0.05,0.0,0.02564102564102564,0.0
FinPFN,2014-08-31,2014-09-30,10,45,0.47009222661396566,0.21848888888888887,0.1,0.0,0.05263157894736842,0.0
FinPFN,2014-08-31,2014-09-30,20,45,0.47009222661396566,0.21848888888888887,0.05,0.0,0.02564102564102564,0.0
FinPFN,2014-08-31,2014-09-30,40,45,0.47009222661396566,0.21848888888888887,0.025,0.0,0.012658227848101266,0.0
FinPFN,2014-09-30,2014-10-31,10,53,0.3563941299790356,0.2464905660377358,0.0,0.0,0.0,0.0
FinPFN,2014-09-30,2014-10-31,20,53,0.3563941299790356,0.2464905660377358,0.0,0.0,0.0,0.0
FinPFN,2014-09-30,2014-10-31,40,53,0.3563941299790356,0.2464905660377358,0.025,0.0,0.012658227848101266,0.0
FinPFN,2014-10-31,2014-11-30,10,41,0.5081881533101046,0.200390243902439,0.1,0.0,0.05263157894736842,0.0
FinPFN,2014-10-31,2014-11-30,20,41,0.5081881533101046,0.200390243902439,0.05,0.0,0.02564102564102564,0.0
FinPFN,2014-10-31,2014-11-30,40,41,0.5081881533101046,0.200390243902439,0.025,0.0,0.012658227848101266,0.0
FinPFN,2014-11-30,2014-12-31,10,40,0.2110694183864916,0.24709999999999996,0.0,0.0,0.0,0.0
FinPFN,2014-11-30,2014-12-31,20,40,0.2110694183864916,0.24709999999999996,0.0,0.0,0.0,0.0
FinPFN,2014-11-30,2014-12-31,40,40,0.2110694183864916,0.24709999999999996,0.0,0.0,0.0,0.0
FinPFN,2014-12-31,2015-01-31,10,45,0.40184453227931477,0.24657777777777778,0.0,0.0,0.0,0.0
FinPFN,2014-12-31,2015-01-31,20,45,0.40184453227931477,0.24657777777777778,0.05,0.0,0.02564102564102564,0.0
FinPFN,2014-12-31,2015-01-31,40,45,0.40184453227931477,0.24657777777777778,0.025,0.025,0.012658227848101266,0.012658227848101266
FinPFN,2015-01-31,2015-02-28,10,43,0.49531863485351857,0.20404651162790705,0.0,0.0,0.0,0.0
FinPFN,2015-01-31,2015-02-28,20,43,0.49531863485351857,0.20404651162790705,0.05,0.0,0.02564102564102564,0.0
FinPFN,2015-01-31,2015-02-28,40,43,0.49531863485351857,0.20404651162790705,0.075,0.025,0.03896103896103896,0.012658227848101266
FinPFN,2015-02-28,2015-03-31,10,42,0.5835021473138321,0.2013333333333333,0.0,0.1,0.0,0.05263157894736842
FinPFN,2015-02-28,2015-03-31,20,42,0.5835021473138321,0.2013333333333333,0.0,0.1,0.0,0.05263157894736842
FinPFN,2015-02-28,2015-03-31,40,42,0.5835021473138321,0.2013333333333333,0.0,0.075,0.0,0.03896103896103896
FinPFN,2015-03-31,2015-04-30,10,51,0.25221719457013575,0.25286274509803924,0.0,0.1,0.0,0.05263157894736842
FinPFN,2015-03-31,2015-04-30,20,51,0.25221719457013575,0.25286274509803924,0.0,0.05,0.0,0.02564102564102564
FinPFN,2015-03-31,2015-04-30,40,51,0.25221719457013575,0.25286274509803924,0.0,0.025,0.0,0.012658227848101266
FinPFN,2015-04-30,2015-05-31,10,40,0.40600375234521585,0.24059999999999998,0.0,0.0,0.0,0.0
FinPFN,2015-04-30,2015-05-31,20,40,0.40600375234521585,0.24059999999999998,0.0,0.0,0.0,0.0
FinPFN,2015-04-30,2015-05-31,40,40,0.40600375234521585,0.24059999999999998,0.0,0.0,0.0,0.0
FinPFN,2015-05-31,2015-06-30,10,52,0.4166310936566208,0.23180769230769235,0.0,0.0,0.0,0.0
FinPFN,2015-05-31,2015-06-30,20,52,0.4166310936566208,0.23180769230769235,0.0,0.0,0.0,0.0
FinPFN,2015-05-31,2015-06-30,40,52,0.4166310936566208,0.23180769230769235,0.0,0.025,0.0,0.012658227848101266
FinPFN,2015-06-30,2015-07-31,10,54,0.4875547932151705,0.2483703703703704,0.0,0.0,0.0,0.0
FinPFN,2015-06-30,2015-07-31,20,54,0.4875547932151705,0.2483703703703704,0.0,0.05,0.0,0.02564102564102564
FinPFN,2015-06-30,2015-07-31,40,54,0.4875547932151705,0.2483703703703704,0.0,0.075,0.0,0.03896103896103896
FinPFN,2015-07-31,2015-08-31,10,37,0.6156946420104314,0.22043243243243243,0.0,0.0,0.0,0.0
FinPFN,2015-07-31,2015-08-31,20,37,0.6156946420104314,0.22043243243243243,0.0,0.05,0.0,0.02564102564102564
FinPFN,2015-07-31,2015-08-31,40,37,0.6156946420104314,0.22043243243243243,0.0,0.025,0.0,0.012658227848101266
FinPFN,2015-08-31,2015-09-30,10,52,0.25322291471015107,0.28350000000000003,0.0,0.0,0.0,0.0
FinPFN,2015-08-31,2015-09-30,20,52,0.25322291471015107,0.28350000000000003,0.0,0.0,0.0,0.0
FinPFN,2015-08-31,2015-09-30,40,52,0.25322291471015107,0.28350000000000003,0.0,0.0,0.0,0.0
FinPFN,2015-09-30,2015-10-31,10,42,0.4282473057288712,0.22076190476190477,0.0,0.0,0.0,0.0
FinPFN,2015-09-30,2015-10-31,20,42,0.4282473057288712,0.22076190476190477,0.0,0.0,0.0,0.0
FinPFN,2015-09-30,2015-10-31,40,42,0.4282473057288712,0.22076190476190477,0.025,0.0,0.012658227848101266,0.0
FinPFN,2015-10-31,2015-11-30,10,40,0.5564727954971858,0.19749999999999998,0.0,0.0,0.0,0.0
FinPFN,2015-10-31,2015-11-30,20,40,0.5564727954971858,0.19749999999999998,0.0,0.0,0.0,0.0
FinPFN,2015-10-31,2015-11-30,40,40,0.5564727954971858,0.19749999999999998,0.0,0.0,0.0,0.0
FinPFN,2015-11-30,2015-12-31,10,41,0.41689895470383287,0.24507317073170728,0.0,0.0,0.0,0.0
FinPFN,2015-11-30,2015-12-31,20,41,0.41689895470383287,0.24507317073170728,0.0,0.05,0.0,0.02564102564102564
FinPFN,2015-11-30,2015-12-31,40,41,0.41689895470383287,0.24507317073170728,0.0,0.025,0.0,0.012658227848101266
FinPFN,2015-12-31,2016-01-31,10,31,0.5020161290322581,0.23038709677419353,0.0,0.0,0.0,0.0
FinPFN,2015-12-31,2016-01-31,20,31,0.5020161290322581,0.23038709677419353,0.0,0.0,0.0,0.0
FinPFN,2015-12-31,2016-01-31,40,31,0.5020161290322581,0.23038709677419353,0.025,0.025,0.012658227848101266,0.012658227848101266
FinPFN,2016-01-31,2016-02-29,10,51,0.4029864253393665,0.2438823529411765,0.0,0.0,0.0,0.0
FinPFN,2016-01-31,2016-02-29,20,51,0.4029864253393665,0.2438823529411765,0.0,0.0,0.0,0.0
FinPFN,2016-01-31,2016-02-29,40,51,0.4029864253393665,0.2438823529411765,0.0,0.05,0.0,0.02564102564102564
FinPFN,2016-02-29,2016-03-31,10,47,0.4544403330249769,0.2288936170212766,0.0,0.0,0.0,0.0
FinPFN,2016-02-29,2016-03-31,20,47,0.4544403330249769,0.2288936170212766,0.0,0.05,0.0,0.02564102564102564
FinPFN,2016-02-29,2016-03-31,40,47,0.4544403330249769,0.2288936170212766,0.0,0.075,0.0,0.03896103896103896
FinPFN,2016-03-31,2016-04-30,10,41,0.43693379790940773,0.20546341463414633,0.0,0.0,0.0,0.0
FinPFN,2016-03-31,2016-04-30,20,41,0.43693379790940773,0.20546341463414633,0.0,0.05,0.0,0.02564102564102564
FinPFN,2016-03-31,2016-04-30,40,41,0.43693379790940773,0.20546341463414633,0.0,0.025,0.0,0.012658227848101266
FinPFN,2016-04-30,2016-05-31,10,51,0.23076923076923075,0.28901960784313724,0.0,0.0,0.0,0.0
FinPFN,2016-04-30,2016-05-31,20,51,0.23076923076923075,0.28901960784313724,0.0,0.0,0.0,0.0
FinPFN,2016-04-30,2016-05-31,40,51,0.23076923076923075,0.28901960784313724,0.0,0.0,0.0,0.0
FinPFN,2016-05-31,2016-06-30,10,53,0.24487985808740528,0.26875471698113207,0.0,0.0,0.0,0.0
FinPFN,2016-05-31,2016-06-30,20,53,0.24487985808740528,0.26875471698113207,0.0,0.0,0.0,0.0
FinPFN,2016-05-31,2016-06-30,40,53,0.24487985808740528,0.26875471698113207,0.025,0.0,0.012658227848101266,0.0
FinPFN,2016-06-30,2016-07-31,10,51,0.5714932126696832,0.21901960784313726,0.0,0.0,0.0,0.0
FinPFN,2016-06-30,2016-07-31,20,51,0.5714932126696832,0.21901960784313726,0.0,0.0,0.0,0.0
FinPFN,2016-06-30,2016-07-31,40,51,0.5714932126696832,0.21901960784313726,0.025,0.0,0.012658227848101266,0.0
FinPFN,2016-07-31,2016-08-31,10,49,0.4455102040816326,0.23783673469387756,0.0,0.0,0.0,0.0
FinPFN,2016-07-31,2016-08-31,20,49,0.4455102040816326,0.23783673469387756,0.0,0.05,0.0,0.02564102564102564
FinPFN,2016-07-31,2016-08-31,40,49,0.4455102040816326,0.23783673469387756,0.0,0.075,0.0,0.03896103896103896
FinPFN,2016-08-31,2016-09-30,10,49,0.45234693877551013,0.24269387755102043,0.0,0.0,0.0,0.0
FinPFN,2016-08-31,2016-09-30,20,49,0.45234693877551013,0.24269387755102043,0.0,0.0,0.0,0.0
FinPFN,2016-08-31,2016-09-30,40,49,0.45234693877551013,0.24269387755102043,0.025,0.0,0.012658227848101266,0.0
FinPFN,2016-09-30,2016-10-31,10,48,0.5874945722970039,0.21683333333333335,0.0,0.0,0.0,0.0
FinPFN,2016-09-30,2016-10-31,20,48,0.5874945722970039,0.21683333333333335,0.0,0.0,0.0,0.0
FinPFN,2016-09-30,2016-10-31,40,48,0.5874945722970039,0.21683333333333335,0.025,0.025,0.012658227848101266,0.012658227848101266
FinPFN,2016-10-31,2016-11-30,10,45,0.4773386034255599,0.21782222222222222,0.0,0.0,0.0,0.0
FinPFN,2016-10-31,2016-11-30,20,45,0.4773386034255599,0.21782222222222222,0.0,0.05,0.0,0.02564102564102564
FinPFN,2016-10-31,2016-11-30,40,45,0.4773386034255599,0.21782222222222222,0.0,0.1,0.0,0.05263157894736842
FinPFN,2016-11-30,2016-12-31,10,43,0.41754756871035936,0.21781395348837213,0.0,0.0,0.0,0.0
FinPFN,2016-11-30,2016-12-31,20,43,0.41754756871035936,0.21781395348837213,0.0,0.0,0.0,0.0
FinPFN,2016-11-30,2016-12-31,40,43,0.41754756871035936,0.21781395348837213,0.025,0.0,0.012658227848101266,0.0
FinPFN,2016-12-31,2017-01-31,10,60,0.534481800500139,0.2183333333333333,0.0,0.0,0.0,0.0
FinPFN,2016-12-31,2017-01-31,20,60,0.534481800500139,0.2183333333333333,0.0,0.0,0.0,0.0
FinPFN,2016-12-31,2017-01-31,40,60,0.534481800500139,0.2183333333333333,0.025,0.05,0.012658227848101266,0.02564102564102564
FinPFN,2017-01-31,2017-02-28,10,52,0.34952616750618964,0.23076923076923078,0.0,0.0,0.0,0.0
FinPFN,2017-01-31,2017-02-28,20,52,0.34952616750618964,0.23076923076923078,0.0,0.05,0.0,0.02564102564102564
FinPFN,2017-01-31,2017-02-28,40,52,0.34952616750618964,0.23076923076923078,0.0,0.05,0.0,0.02564102564102564
FinPFN,2017-02-28,2017-03-31,10,48,0.48143725575336516,0.2245,0.1,0.1,0.05263157894736842,0.05263157894736842
FinPFN,2017-02-28,2017-03-31,20,48,0.48143725575336516,0.2245,0.05,0.15,0.02564102564102564,0.08108108108108109
FinPFN,2017-02-28,2017-03-31,40,48,0.48143725575336516,0.2245,0.025,0.075,0.012658227848101266,0.03896103896103896
FinPFN,2017-03-31,2017-04-30,10,50,0.4731332533013205,0.2256,0.1,0.0,0.05263157894736842,0.0
FinPFN,2017-03-31,2017-04-30,20,50,0.4731332533013205,0.2256,0.05,0.0,0.02564102564102564,0.0
FinPFN,2017-03-31,2017-04-30,40,50,0.4731332533013205,0.2256,0.025,0.05,0.012658227848101266,0.02564102564102564
FinPFN,2017-04-30,2017-05-31,10,42,0.7889960294951788,0.1514761904761905,0.1,0.0,0.05263157894736842,0.0
FinPFN,2017-04-30,2017-05-31,20,42,0.7889960294951788,0.1514761904761905,0.05,0.0,0.02564102564102564,0.0
FinPFN,2017-04-30,2017-05-31,40,42,0.7889960294951788,0.1514761904761905,0.05,0.025,0.02564102564102564,0.012658227848101266
FinPFN,2017-05-31,2017-06-30,10,46,0.16978106691335182,0.28247826086956523,0.0,0.0,0.0,0.0
FinPFN,2017-05-31,2017-06-30,20,46,0.16978106691335182,0.28247826086956523,0.0,0.0,0.0,0.0
FinPFN,2017-05-31,2017-06-30,40,46,0.16978106691335182,0.28247826086956523,0.025,0.05,0.012658227848101266,0.02564102564102564
FinPFN,2017-06-30,2017-07-31,10,51,0.46977375565610857,0.26054901960784316,0.0,0.0,0.0,0.0
FinPFN,2017-06-30,2017-07-31,20,51,0.46977375565610857,0.26054901960784316,0.0,0.0,0.0,0.0
FinPFN,2017-06-30,2017-07-31,40,51,0.46977375565610857,0.26054901960784316,0.0,0.05,0.0,0.02564102564102564
FinPFN,2017-07-31,2017-08-31,10,37,0.675438596491228,0.17486486486486486,0.0,0.0,0.0,0.0
FinPFN,2017-07-31,2017-08-31,20,37,0.675438596491228,0.17486486486486486,0.0,0.0,0.0,0.0
FinPFN,2017-07-31,2017-08-31,40,37,0.675438596491228,0.17486486486486486,0.0,0.0,0.0,0.0
FinPFN,2017-08-31,2017-09-30,10,41,0.5304878048780488,0.20224390243902438,0.0,0.0,0.0,0.0
FinPFN,2017-08-31,2017-09-30,20,41,0.5304878048780488,0.20224390243902438,0.0,0.0,0.0,0.0
FinPFN,2017-08-31,2017-09-30,40,41,0.5304878048780488,0.20224390243902438,0.0,0.025,0.0,0.012658227848101266
FinPFN,2017-09-30,2017-10-31,10,55,0.5032467532467534,0.21869090909090907,0.0,0.0,0.0,0.0
FinPFN,2017-09-30,2017-10-31,20,55,0.5032467532467534,0.21869090909090907,0.0,0.0,0.0,0.0
FinPFN,2017-09-30,2017-10-31,40,55,0.5032467532467534,0.21869090909090907,0.0,0.0,0.0,0.0
FinPFN,2017-10-31,2017-11-30,10,47,0.4735198889916744,0.20748936170212764,0.0,0.0,0.0,0.0
FinPFN,2017-10-31,2017-11-30,20,47,0.4735198889916744,0.20748936170212764,0.0,0.0,0.0,0.0
FinPFN,2017-10-31,2017-11-30,40,47,0.4735198889916744,0.20748936170212764,0.025,0.0,0.012658227848101266,0.0
FinPFN,2017-11-30,2017-12-31,10,47,0.5282146160962072,0.2300425531914893,0.0,0.0,0.0,0.0
FinPFN,2017-11-30,2017-12-31,20,47,0.5282146160962072,0.2300425531914893,0.0,0.0,0.0,0.0
FinPFN,2017-11-30,2017-12-31,40,47,0.5282146160962072,0.2300425531914893,0.025,0.025,0.012658227848101266,0.012658227848101266
FinPFN,2017-12-31,2018-01-31,10,60,0.5602111697693805,0.19003333333333336,0.0,0.1,0.0,0.05263157894736842
FinPFN,2017-12-31,2018-01-31,20,60,0.5602111697693805,0.19003333333333336,0.0,0.05,0.0,0.02564102564102564
FinPFN,2017-12-31,2018-01-31,40,60,0.5602111697693805,0.19003333333333336,0.0,0.1,0.0,0.05263157894736842
FinPFN,2018-01-31,2018-02-28,10,56,0.40628844839371153,0.22521428571428573,0.0,0.1,0.0,0.05263157894736842
FinPFN,2018-01-31,2018-02-28,20,56,0.40628844839371153,0.22521428571428573,0.0,0.05,0.0,0.02564102564102564
FinPFN,2018-01-31,2018-02-28,40,56,0.40628844839371153,0.22521428571428573,0.0,0.025,0.0,0.012658227848101266
FinPFN,2018-02-28,2018-03-31,10,49,0.5515306122448979,0.216734693877551,0.0,0.1,0.0,0.05263157894736842
FinPFN,2018-02-28,2018-03-31,20,49,0.5515306122448979,0.216734693877551,0.05,0.05,0.02564102564102564,0.02564102564102564
FinPFN,2018-02-28,2018-03-31,40,49,0.5515306122448979,0.216734693877551,0.025,0.025,0.012658227848101266,0.012658227848101266
FinPFN,2018-03-31,2018-04-30,10,45,0.506455862977602,0.24360000000000004,0.0,0.1,0.0,0.05263157894736842
FinPFN,2018-03-31,2018-04-30,20,45,0.506455862977602,0.24360000000000004,0.0,0.05,0.0,0.02564102564102564
FinPFN,2018-03-31,2018-04-30,40,45,0.506455862977602,0.24360000000000004,0.025,0.075,0.012658227848101266,0.03896103896103896
FinPFN,2018-04-30,2018-05-31,10,52,0.4121062067787928,0.23600000000000002,0.0,0.0,0.0,0.0
FinPFN,2018-04-30,2018-05-31,20,52,0.4121062067787928,0.23600000000000002,0.0,0.0,0.0,0.0
FinPFN,2018-04-30,2018-05-31,40,52,0.4121062067787928,0.23600000000000002,0.0,0.05,0.0,0.02564102564102564
FinPFN,2018-05-31,2018-06-30,10,52,0.5572440877657303,0.1917307692307692,0.0,0.1,0.0,0.05263157894736842
FinPFN,2018-05-31,2018-06-30,20,52,0.5572440877657303,0.1917307692307692,0.0,0.15,0.0,0.08108108108108109
FinPFN,2018-05-31,2018-06-30,40,52,0.5572440877657303,0.1917307692307692,0.0,0.075,0.0,0.03896103896103896
FinPFN,2018-06-30,2018-07-31,10,54,0.4716218791690489,0.20022222222222227,0.0,0.0,0.0,0.0
FinPFN,2018-06-30,2018-07-31,20,54,0.4716218791690489,0.20022222222222227,0.0,0.05,0.0,0.02564102564102564
FinPFN,2018-06-30,2018-07-31,40,54,0.4716218791690489,0.20022222222222227,0.0,0.025,0.0,0.012658227848101266
FinPFN,2018-07-31,2018-08-31,10,40,0.1962476547842402,0.2765,0.0,0.0,0.0,0.0
FinPFN,2018-07-31,2018-08-31,20,40,0.1962476547842402,0.2765,0.0,0.0,0.0,0.0
FinPFN,2018-07-31,2018-08-31,40,40,0.1962476547842402,0.2765,0.0,0.0,0.0,0.0
FinPFN,2018-08-31,2018-09-30,10,51,0.4641628959276018,0.24223529411764708,0.0,0.0,0.0,0.0
FinPFN,2018-08-31,2018-09-30,20,51,0.4641628959276018,0.24223529411764708,0.0,0.0,0.0,0.0
FinPFN,2018-08-31,2018-09-30,40,51,0.4641628959276018,0.24223529411764708,0.0,0.025,0.0,0.012658227848101266
FinPFN,2018-09-30,2018-10-31,10,46,0.11032994141227258,0.2723478260869565,0.0,0.0,0.0,0.0
FinPFN,2018-09-30,2018-10-31,20,46,0.11032994141227258,0.2723478260869565,0.0,0.0,0.0,0.0
FinPFN,2018-09-30,2018-10-31,40,46,0.11032994141227258,0.2723478260869565,0.025,0.0,0.012658227848101266,0.0
FinPFN,2018-10-31,2018-11-30,10,41,0.45261324041811857,0.2191707317073171,0.0,0.0,0.0,0.0
FinPFN,2018-10-31,2018-11-30,20,41,0.45261324041811857,0.2191707317073171,0.0,0.0,0.0,0.0
FinPFN,2018-10-31,2018-11-30,40,41,0.45261324041811857,0.2191707317073171,0.0,0.0,0.0,0.0
FinPFN,2018-11-30,2018-12-31,10,46,0.39858156028368796,0.24917391304347822,0.0,0.0,0.0,0.0
FinPFN,2018-11-30,2018-12-31,20,46,0.39858156028368796,0.24917391304347822,0.0,0.0,0.0,0.0
FinPFN,2018-11-30,2018-12-31,40,46,0.39858156028368796,0.24917391304347822,0.0,0.025,0.0,0.012658227848101266
FinPFN,2018-12-31,2019-01-31,10,44,0.23058491895701197,0.2977727272727272,0.0,0.0,0.0,0.0
FinPFN,2018-12-31,2019-01-31,20,44,0.23058491895701197,0.2977727272727272,0.0,0.0,0.0,0.0
FinPFN,2018-12-31,2019-01-31,40,44,0.23058491895701197,0.2977727272727272,0.0,0.0,0.0,0.0
FinPFN,2019-01-31,2019-02-28,10,50,0.4651620648259303,0.23964,0.0,0.0,0.0,0.0
FinPFN,2019-01-31,2019-02-28,20,50,0.4651620648259303,0.23964,0.0,0.0,0.0,0.0
FinPFN,2019-01-31,2019-02-28,40,50,0.4651620648259303,0.23964,0.0,0.0,0.0,0.0
FinPFN,2019-02-28,2019-03-31,10,57,0.3021778584392015,0.2711578947368421,0.0,0.1,0.0,0.05263157894736842
FinPFN,2019-02-28,2019-03-31,20,57,0.3021778584392015,0.2711578947368421,0.0,0.05,0.0,0.02564102564102564
FinPFN,2019-02-28,2019-03-31,40,57,0.3021778584392015,0.2711578947368421,0.0,0.05,0.0,0.02564102564102564
FinPFN,2019-03-31,2019-04-30,10,52,0.3212669683257918,0.2399230769230769,0.0,0.0,0.0,0.0
FinPFN,2019-03-31,2019-04-30,20,52,0.3212669683257918,0.2399230769230769,0.0,0.0,0.0,0.0
FinPFN,2019-03-31,2019-04-30,40,52,0.3212669683257918,0.2399230769230769,0.0,0.0,0.0,0.0
FinPFN,2019-04-30,2019-05-31,10,46,0.35775516497070614,0.2586086956521739,0.0,0.0,0.0,0.0
FinPFN,2019-04-30,2019-05-31,20,46,0.35775516497070614,0.2586086956521739,0.0,0.05,0.0,0.02564102564102564
FinPFN,2019-04-30,2019-05-31,40,46,0.35775516497070614,0.2586086956521739,0.0,0.1,0.0,0.05263157894736842
FinPFN,2019-05-31,2019-06-30,10,45,0.4285902503293807,0.22088888888888888,0.0,0.0,0.0,0.0
FinPFN,2019-05-31,2019-06-30,20,45,0.4285902503293807,0.22088888888888888,0.0,0.05,0.0,0.02564102564102564
FinPFN,2019-05-31,2019-06-30,40,45,0.4285902503293807,0.22088888888888888,0.025,0.025,0.012658227848101266,0.012658227848101266
FinPFN,2019-06-30,2019-07-31,10,50,0.47447779111644656,0.21343999999999996,0.0,0.0,0.0,0.0
FinPFN,2019-06-30,2019-07-31,20,50,0.47447779111644656,0.21343999999999996,0.0,0.0,0.0,0.0
FinPFN,2019-06-30,2019-07-31,40,50,0.47447779111644656,0.21343999999999996,0.0,0.025,0.0,0.012658227848101266
FinPFN,2019-07-31,2019-08-31,10,42,0.5016611295681064,0.20623809523809525,0.0,0.0,0.0,0.0
FinPFN,2019-07-31,2019-08-31,20,42,0.5016611295681064,0.20623809523809525,0.05,0.0,0.02564102564102564,0.0
FinPFN,2019-07-31,2019-08-31,40,42,0.5016611295681064,0.20623809523809525,0.025,0.025,0.012658227848101266,0.012658227848101266
FinPFN,2019-08-31,2019-09-30,10,50,0.5214405762304922,0.22483999999999998,0.0,0.0,0.0,0.0
FinPFN,2019-08-31,2019-09-30,20,50,0.5214405762304922,0.22483999999999998,0.0,0.0,0.0,0.0
FinPFN,2019-08-31,2019-09-30,40,50,0.5214405762304922,0.22483999999999998,0.05,0.0,0.02564102564102564,0.0
FinPFN,2019-09-30,2019-10-31,10,39,0.0716599190283401,0.3164615384615384,0.0,0.0,0.0,0.0
FinPFN,2019-09-30,2019-10-31,20,39,0.0716599190283401,0.3164615384615384,0.0,0.0,0.0,0.0
FinPFN,2019-09-30,2019-10-31,40,39,0.0716599190283401,0.3164615384615384,0.0,0.0,0.0,0.0
FinPFN,2019-10-31,2019-11-30,10,41,0.5193379790940768,0.22541463414634144,0.0,0.1,0.0,0.05263157894736842
FinPFN,2019-10-31,2019-11-30,20,41,0.5193379790940768,0.22541463414634144,0.0,0.05,0.0,0.02564102564102564
FinPFN,2019-10-31,2019-11-30,40,41,0.5193379790940768,0.22541463414634144,0.025,0.05,0.012658227848101266,0.02564102564102564
FinPFN,2019-11-30,2019-12-31,10,36,0.4038610038610039,0.2179444444444444,0.0,0.0,0.0,0.0
FinPFN,2019-11-30,2019-12-31,20,36,0.4038610038610039,0.2179444444444444,0.0,0.0,0.0,0.0
FinPFN,2019-11-30,2019-12-31,40,36,0.4038610038610039,0.2179444444444444,0.025,0.0,0.012658227848101266,0.0
FinPFN,2019-12-31,2020-01-31,10,47,0.6219935245143386,0.2033617021276596,0.0,0.1,0.0,0.05263157894736842
FinPFN,2019-12-31,2020-01-31,20,47,0.6219935245143386,0.2033617021276596,0.0,0.05,0.0,0.02564102564102564
FinPFN,2019-12-31,2020-01-31,40,47,0.6219935245143386,0.2033617021276596,0.025,0.025,0.012658227848101266,0.012658227848101266
FinPFN,2020-01-31,2020-02-29,10,47,0.48751156336725254,0.21672340425531914,0.0,0.0,0.0,0.0
FinPFN,2020-01-31,2020-02-29,20,47,0.48751156336725254,0.21672340425531914,0.0,0.0,0.0,0.0
FinPFN,2020-01-31,2020-02-29,40,47,0.48751156336725254,0.21672340425531914,0.0,0.025,0.0,0.012658227848101266
FinPFN,2020-02-29,2020-03-31,10,48,0.4826313504125054,0.2094583333333333,0.0,0.0,0.0,0.0
FinPFN,2020-02-29,2020-03-31,20,48,0.4826313504125054,0.2094583333333333,0.0,0.0,0.0,0.0
FinPFN,2020-02-29,2020-03-31,40,48,0.4826313504125054,0.2094583333333333,0.0,0.025,0.0,0.012658227848101266
FinPFN,2020-03-31,2020-04-30,10,41,0.24407665505226483,0.25995121951219513,0.0,0.0,0.0,0.0
FinPFN,2020-03-31,2020-04-30,20,41,0.24407665505226483,0.25995121951219513,0.0,0.0,0.0,0.0
FinPFN,2020-03-31,2020-04-30,40,41,0.24407665505226483,0.25995121951219513,0.0,0.0,0.0,0.0
FinPFN,2020-04-30,2020-05-31,10,54,0.5698875547932151,0.22644444444444442,0.0,0.0,0.0,0.0
FinPFN,2020-04-30,2020-05-31,20,54,0.5698875547932151,0.22644444444444442,0.0,0.0,0.0,0.0
FinPFN,2020-04-30,2020-05-31,40,54,0.5698875547932151,0.22644444444444442,0.0,0.0,0.0,0.0
FinPFN,2020-05-31,2020-06-30,10,43,0.4288734521292661,0.225953488372093,0.0,0.0,0.0,0.0
FinPFN,2020-05-31,2020-06-30,20,43,0.4288734521292661,0.225953488372093,0.0,0.0,0.0,0.0
FinPFN,2020-05-31,2020-06-30,40,43,0.4288734521292661,0.225953488372093,0.025,0.0,0.012658227848101266,0.0
FinPFN,2020-06-30,2020-07-31,10,48,0.35160660008684325,0.24762499999999998,0.0,0.0,0.0,0.0
FinPFN,2020-06-30,2020-07-31,20,48,0.35160660008684325,0.24762499999999998,0.0,0.05,0.0,0.02564102564102564
FinPFN,2020-06-30,2020-07-31,40,48,0.35160660008684325,0.24762499999999998,0.0,0.025,0.0,0.012658227848101266
FinPFN,2020-07-31,2020-08-31,10,39,0.4441295546558705,0.22497435897435894,0.0,0.0,0.0,0.0
FinPFN,2020-07-31,2020-08-31,20,39,0.4441295546558705,0.22497435897435894,0.0,0.0,0.0,0.0
FinPFN,2020-07-31,2020-08-31,40,39,0.4441295546558705,0.22497435897435894,0.025,0.025,0.012658227848101266,0.012658227848101266
FinPFN,2020-08-31,2020-09-30,10,39,0.38097165991902837,0.2213846153846154,0.0,0.0,0.0,0.0
FinPFN,2020-08-31,2020-09-30,20,39,0.38097165991902837,0.2213846153846154,0.0,0.0,0.0,0.0
FinPFN,2020-08-31,2020-09-30,40,39,0.38097165991902837,0.2213846153846154,0.0,0.0,0.0,0.0
FinPFN,2020-09-30,2020-10-31,10,46,0.2613012642614863,0.2645217391304348,0.1,0.0,0.05263157894736842,0.0
FinPFN,2020-09-30,2020-10-31,20,46,0.2613012642614863,0.2645217391304348,0.1,0.0,0.05263157894736842,0.0
FinPFN,2020-09-30,2020-10-31,40,46,0.2613012642614863,0.2645217391304348,0.05,0.0,0.02564102564102564,0.0
FinPFN,2020-10-31,2020-11-30,10,35,0.5439775910364146,0.2336,0.0,0.0,0.0,0.0
FinPFN,2020-10-31,2020-11-30,20,35,0.5439775910364146,0.2336,0.0,0.0,0.0,0.0
FinPFN,2020-10-31,2020-11-30,40,35,0.5439775910364146,0.2336,0.0,0.0,0.0,0.0
FinPFN,2020-11-30,2020-12-31,10,53,0.42952749556523134,0.2444150943396227,0.0,0.0,0.0,0.0
FinPFN,2020-11-30,2020-12-31,20,53,0.42952749556523134,0.2444150943396227,0.0,0.0,0.0,0.0
FinPFN,2020-11-30,2020-12-31,40,53,0.42952749556523134,0.2444150943396227,0.025,0.0,0.012658227848101266,0.0
FinPFN,2020-12-31,2021-01-31,10,46,0.5440024668516805,0.23782608695652177,0.0,0.1,0.0,0.05263157894736842
FinPFN,2020-12-31,2021-01-31,20,46,0.5440024668516805,0.23782608695652177,0.0,0.05,0.0,0.02564102564102564
FinPFN,2020-12-31,2021-01-31,40,46,0.5440024668516805,0.23782608695652177,0.05,0.025,0.02564102564102564,0.012658227848101266
FinPFN,2021-01-31,2021-02-28,10,40,0.5140712945590995,0.2455,0.0,0.0,0.0,0.0
FinPFN,2021-01-31,2021-02-28,20,40,0.5140712945590995,0.2455,0.0,0.0,0.0,0.0
FinPFN,2021-01-31,2021-02-28,40,40,0.5140712945590995,0.2455,0.05,0.025,0.02564102564102564,0.012658227848101266
FinPFN,2021-02-28,2021-03-31,10,48,0.6316760746851932,0.20391666666666666,0.0,0.1,0.0,0.05263157894736842
FinPFN,2021-02-28,2021-03-31,20,48,0.6316760746851932,0.20391666666666666,0.0,0.05,0.0,0.02564102564102564
FinPFN,2021-02-28,2021-03-31,40,48,0.6316760746851932,0.20391666666666666,0.0,0.075,0.0,0.03896103896103896
FinPFN,2021-03-31,2021-04-30,10,35,0.26750700280112044,0.24268571428571434,0.0,0.0,0.0,0.0
FinPFN,2021-03-31,2021-04-30,20,35,0.26750700280112044,0.24268571428571434,0.0,0.0,0.0,0.0
FinPFN,2021-03-31,2021-04-30,40,35,0.26750700280112044,0.24268571428571434,0.025,0.0,0.012658227848101266,0.0
FinPFN,2021-04-30,2021-05-31,10,53,0.1650540235445896,0.282,0.0,0.0,0.0,0.0
FinPFN,2021-04-30,2021-05-31,20,53,0.1650540235445896,0.282,0.0,0.0,0.0,0.0
FinPFN,2021-04-30,2021-05-31,40,53,0.1650540235445896,0.282,0.0,0.0,0.0,0.0
FinPFN,2021-05-31,2021-06-30,10,34,0.28372803666921315,0.24058823529411763,0.0,0.0,0.0,0.0
FinPFN,2021-05-31,2021-06-30,20,34,0.28372803666921315,0.24058823529411763,0.05,0.0,0.02564102564102564,0.0
FinPFN,2021-05-31,2021-06-30,40,34,0.28372803666921315,0.24058823529411763,0.025,0.0,0.012658227848101266,0.0
FinPFN,2021-06-30,2021-07-31,10,47,0.663159111933395,0.1691914893617021,0.0,0.0,0.0,0.0
FinPFN,2021-06-30,2021-07-31,20,47,0.663159111933395,0.1691914893617021,0.05,0.05,0.02564102564102564,0.02564102564102564
FinPFN,2021-06-30,2021-07-31,40,47,0.663159111933395,0.1691914893617021,0.05,0.025,0.02564102564102564,0.012658227848101266
FinPFN,2021-07-31,2021-08-31,10,36,0.4231660231660232,0.23099999999999998,0.0,0.0,0.0,0.0
FinPFN,2021-07-31,2021-08-31,20,36,0.4231660231660232,0.23099999999999998,0.0,0.0,0.0,0.0
FinPFN,2021-07-31,2021-08-31,40,36,0.4231660231660232,0.23099999999999998,0.0,0.0,0.0,0.0
FinPFN,2021-08-31,2021-09-30,10,49,0.225,0.2791836734693878,0.1,0.1,0.05263157894736842,0.05263157894736842
FinPFN,2021-08-31,2021-09-30,20,49,0.225,0.2791836734693878,0.05,0.05,0.02564102564102564,0.02564102564102564
FinPFN,2021-08-31,2021-09-30,40,49,0.225,0.2791836734693878,0.025,0.025,0.012658227848101266,0.012658227848101266
FinPFN,2021-09-30,2021-10-31,10,35,0.5666666666666668,0.20371428571428574,0.0,0.0,0.0,0.0
FinPFN,2021-09-30,2021-10-31,20,35,0.5666666666666668,0.20371428571428574,0.0,0.05,0.0,0.02564102564102564
FinPFN,2021-09-30,2021-10-31,40,35,0.5666666666666668,0.20371428571428574,0.0,0.05,0.0,0.02564102564102564
FinPFN,2021-10-31,2021-11-30,10,35,0.588515406162465,0.19085714285714284,0.0,0.0,0.0,0.0
FinPFN,2021-10-31,2021-11-30,20,35,0.588515406162465,0.19085714285714284,0.0,0.0,0.0,0.0
FinPFN,2021-10-31,2021-11-30,40,35,0.588515406162465,0.19085714285714284,0.0,0.0,0.0,0.0
FinPFN,2021-11-30,2021-12-31,10,41,0.42404181184669,0.23058536585365852,0.1,0.0,0.05263157894736842,0.0
FinPFN,2021-11-30,2021-12-31,20,41,0.42404181184669,0.23058536585365852,0.05,0.0,0.02564102564102564,0.0
FinPFN,2021-11-30,2021-12-31,40,41,0.42404181184669,0.23058536585365852,0.05,0.0,0.02564102564102564,0.0
TabPFN,2010-02-28,2010-03-31,10,53,0.013062409288824382,0.31509433962264155,0.0,0.0,0.0,0.0
TabPFN,2010-02-28,2010-03-31,20,53,0.013062409288824382,0.31509433962264155,0.05,0.0,0.02564102564102564,0.0
TabPFN,2010-02-28,2010-03-31,40,53,0.013062409288824382,0.31509433962264155,0.025,0.0,0.012658227848101266,0.0
TabPFN,2010-03-31,2010-04-30,10,47,0.06487049028677151,0.29710638297872344,0.0,0.0,0.0,0.0
TabPFN,2010-03-31,2010-04-30,20,47,0.06487049028677151,0.29710638297872344,0.0,0.0,0.0,0.0
TabPFN,2010-03-31,2010-04-30,40,47,0.06487049028677151,0.29710638297872344,0.0,0.0,0.0,0.0
TabPFN,2010-04-30,2010-05-31,10,47,0.2542784458834413,0.25055319148936167,0.0,0.0,0.0,0.0
TabPFN,2010-04-30,2010-05-31,20,47,0.2542784458834413,0.25055319148936167,0.0,0.0,0.0,0.0
TabPFN,2010-04-30,2010-05-31,40,47,0.2542784458834413,0.25055319148936167,0.025,0.075,0.012658227848101266,0.03896103896103896
TabPFN,2010-05-31,2010-06-30,10,40,-0.2701688555347092,0.41209999999999997,0.0,0.0,0.0,0.0
TabPFN,2010-05-31,2010-06-30,20,40,-0.2701688555347092,0.41209999999999997,0.0,0.0,0.0,0.0
TabPFN,2010-05-31,2010-06-30,40,40,-0.2701688555347092,0.41209999999999997,0.025,0.0,0.012658227848101266,0.0
TabPFN,2010-06-30,2010-07-31,10,46,0.32679617637989516,0.25178260869565217,0.0,0.0,0.0,0.0
TabPFN,2010-06-30,2010-07-31,20,46,0.32679617637989516,0.25178260869565217,0.0,0.0,0.0,0.0
TabPFN,2010-06-30,2010-07-31,40,46,0.32679617637989516,0.25178260869565217,0.0,0.05,0.0,0.02564102564102564
TabPFN,2010-07-31,2010-08-31,10,55,-0.2934343434343435,0.4248727272727273,0.0,0.0,0.0,0.0
TabPFN,2010-07-31,2010-08-31,20,55,-0.2934343434343435,0.4248727272727273,0.0,0.0,0.0,0.0
TabPFN,2010-07-31,2010-08-31,40,55,-0.2934343434343435,0.4248727272727273,0.0,0.0,0.0,0.0
TabPFN,2010-08-31,2010-09-30,10,28,0.14778325123152708,0.2792857142857143,0.0,0.0,0.0,0.0
TabPFN,2010-08-31,2010-09-30,20,28,0.14778325123152708,0.2792857142857143,0.0,0.0,0.0,0.0
TabPFN,2010-08-31,2010-09-30,40,28,0.14778325123152708,0.2792857142857143,0.0,0.025,0.0,0.012658227848101266
TabPFN,2010-09-30,2010-10-31,10,49,-0.165,0.38424489795918365,0.0,0.0,0.0,0.0
TabPFN,2010-09-30,2010-10-31,20,49,-0.165,0.38424489795918365,0.0,0.0,0.0,0.0
TabPFN,2010-09-30,2010-10-31,40,49,-0.165,0.38424489795918365,0.0,0.0,0.0,0.0
TabPFN,2010-10-31,2010-11-30,10,37,0.033191085822664765,0.29367567567567565,0.0,0.0,0.0,0.0
TabPFN,2010-10-31,2010-11-30,20,37,0.033191085822664765,0.29367567567567565,0.0,0.0,0.0,0.0
TabPFN,2010-10-31,2010-11-30,40,37,0.033191085822664765,0.29367567567567565,0.0,0.0,0.0,0.0
TabPFN,2010-11-30,2010-12-31,10,32,0.3478739002932551,0.26431249999999995,0.0,0.0,0.0,0.0
TabPFN,2010-11-30,2010-12-31,20,32,0.3478739002932551,0.26431249999999995,0.0,0.0,0.0,0.0
TabPFN,2010-11-30,2010-12-31,40,32,0.3478739002932551,0.26431249999999995,0.025,0.025,0.012658227848101266,0.012658227848101266
TabPFN,2010-12-31,2011-01-31,10,45,0.07140974967061922,0.30040000000000006,0.0,0.1,0.0,0.05263157894736842
TabPFN,2010-12-31,2011-01-31,20,45,0.07140974967061922,0.30040000000000006,0.0,0.05,0.0,0.02564102564102564
TabPFN,2010-12-31,2011-01-31,40,45,0.07140974967061922,0.30040000000000006,0.0,0.025,0.0,0.012658227848101266
TabPFN,2011-01-31,2011-02-28,10,48,0.0031480677377333914,0.3295416666666667,0.0,0.0,0.0,0.0
TabPFN,2011-01-31,2011-02-28,20,48,0.0031480677377333914,0.3295416666666667,0.0,0.0,0.0,0.0
TabPFN,2011-01-31,2011-02-28,40,48,0.0031480677377333914,0.3295416666666667,0.0,0.0,0.0,0.0
TabPFN,2011-02-28,2011-03-31,10,48,0.08206686930091185,0.29341666666666666,0.0,0.0,0.0,0.0
TabPFN,2011-02-28,2011-03-31,20,48,0.08206686930091185,0.29341666666666666,0.0,0.0,0.0,0.0
TabPFN,2011-02-28,2011-03-31,40,48,0.08206686930091185,0.29341666666666666,0.025,0.0,0.012658227848101266,0.0
TabPFN,2011-03-31,2011-04-30,10,40,-0.1681050656660413,0.33105,0.0,0.0,0.0,0.0
TabPFN,2011-03-31,2011-04-30,20,40,-0.1681050656660413,0.33105,0.0,0.0,0.0,0.0
TabPFN,2011-03-31,2011-04-30,40,40,-0.1681050656660413,0.33105,0.025,0.025,0.012658227848101266,0.012658227848101266
TabPFN,2011-04-30,2011-05-31,10,48,0.22959183673469388,0.28129166666666666,0.0,0.1,0.0,0.05263157894736842
TabPFN,2011-04-30,2011-05-31,20,48,0.22959183673469388,0.28129166666666666,0.0,0.05,0.0,0.02564102564102564
TabPFN,2011-04-30,2011-05-31,40,48,0.22959183673469388,0.28129166666666666,0.0,0.05,0.0,0.02564102564102564
TabPFN,2011-05-31,2011-06-30,10,36,0.3163449163449164,0.23427777777777775,0.0,0.0,0.0,0.0
TabPFN,2011-05-31,2011-06-30,20,36,0.3163449163449164,0.23427777777777775,0.0,0.0,0.0,0.0
TabPFN,2011-05-31,2011-06-30,40,36,0.3163449163449164,0.23427777777777775,0.0,0.025,0.0,0.012658227848101266
TabPFN,2011-06-30,2011-07-31,10,51,0.10434389140271491,0.28584313725490196,0.0,0.1,0.0,0.05263157894736842
TabPFN,2011-06-30,2011-07-31,20,51,0.10434389140271491,0.28584313725490196,0.0,0.05,0.0,0.02564102564102564
TabPFN,2011-06-30,2011-07-31,40,51,0.10434389140271491,0.28584313725490196,0.0,0.025,0.0,0.012658227848101266
TabPFN,2011-07-31,2011-08-31,10,36,-0.08597168597168597,0.3368888888888889,0.0,0.0,0.0,0.0
TabPFN,2011-07-31,2011-08-31,20,36,-0.08597168597168597,0.3368888888888889,0.0,0.0,0.0,0.0
TabPFN,2011-07-31,2011-08-31,40,36,-0.08597168597168597,0.3368888888888889,0.0,0.0,0.0,0.0
TabPFN,2011-08-31,2011-09-30,10,44,0.09006342494714586,0.3523181818181818,0.0,0.0,0.0,0.0
TabPFN,2011-08-31,2011-09-30,20,44,0.09006342494714586,0.3523181818181818,0.0,0.0,0.0,0.0
TabPFN,2011-08-31,2011-09-30,40,44,0.09006342494714586,0.3523181818181818,0.0,0.0,0.0,0.0
TabPFN,2011-09-30,2011-10-31,10,39,0.19433198380566802,0.3045128205128205,0.0,0.0,0.0,0.0
TabPFN,2011-09-30,2011-10-31,20,39,0.19433198380566802,0.3045128205128205,0.0,0.0,0.0,0.0
TabPFN,2011-09-30,2011-10-31,40,39,0.19433198380566802,0.3045128205128205,0.05,0.025,0.02564102564102564,0.012658227848101266
TabPFN,2011-10-31,2011-11-30,10,44,-0.33446088794926,0.40036363636363637,0.0,0.0,0.0,0.0
TabPFN,2011-10-31,2011-11-30,20,44,-0.33446088794926,0.40036363636363637,0.0,0.0,0.0,0.0
TabPFN,2011-10-31,2011-11-30,40,44,-0.33446088794926,0.40036363636363637,0.0,0.025,0.0,0.012658227848101266
TabPFN,2011-11-30,2011-12-31,10,44,-0.13643410852713178,0.3695,0.0,0.0,0.0,0.0
TabPFN,2011-11-30,2011-12-31,20,44,-0.13643410852713178,0.3695,0.0,0.0,0.0,0.0
TabPFN,2011-11-30,2011-12-31,40,44,-0.13643410852713178,0.3695,0.025,0.0,0.012658227848101266,0.0
TabPFN,2011-12-31,2012-01-31,10,38,0.2287996498522814,0.25389473684210523,0.0,0.0,0.0,0.0
TabPFN,2011-12-31,2012-01-31,20,38,0.2287996498522814,0.25389473684210523,0.0,0.0,0.0,0.0
TabPFN,2011-12-31,2012-01-31,40,38,0.2287996498522814,0.25389473684210523,0.0,0.0,0.0,0.0
TabPFN,2012-01-31,2012-02-29,10,42,-0.454987440239851,0.4168095238095238,0.0,0.0,0.0,0.0
TabPFN,2012-01-31,2012-02-29,20,42,-0.454987440239851,0.4168095238095238,0.0,0.0,0.0,0.0
TabPFN,2012-01-31,2012-02-29,40,42,-0.454987440239851,0.4168095238095238,0.0,0.0,0.0,0.0
TabPFN,2012-02-29,2012-03-31,10,51,0.1469683257918552,0.2831764705882353,0.0,0.0,0.0,0.0
TabPFN,2012-02-29,2012-03-31,20,51,0.1469683257918552,0.2831764705882353,0.0,0.05,0.0,0.02564102564102564
TabPFN,2012-02-29,2012-03-31,40,51,0.1469683257918552,0.2831764705882353,0.025,0.025,0.012658227848101266,0.012658227848101266
TabPFN,2012-03-31,2012-04-30,10,29,-0.1088669950738916,0.3818620689655172,0.0,0.0,0.0,0.0
TabPFN,2012-03-31,2012-04-30,20,29,-0.1088669950738916,0.3818620689655172,0.0,0.0,0.0,0.0
TabPFN,2012-03-31,2012-04-30,40,29,-0.1088669950738916,0.3818620689655172,0.0,0.0,0.0,0.0
TabPFN,2012-04-30,2012-05-31,10,49,-0.11744897959183671,0.3631428571428571,0.0,0.0,0.0,0.0
TabPFN,2012-04-30,2012-05-31,20,49,-0.11744897959183671,0.3631428571428571,0.0,0.0,0.0,0.0
TabPFN,2012-04-30,2012-05-31,40,49,-0.11744897959183671,0.3631428571428571,0.0,0.025,0.0,0.012658227848101266
TabPFN,2012-05-31,2012-06-30,10,47,0.11655874190564293,0.3139574468085106,0.0,0.0,0.0,0.0
TabPFN,2012-05-31,2012-06-30,20,47,0.11655874190564293,0.3139574468085106,0.0,0.0,0.0,0.0
TabPFN,2012-05-31,2012-06-30,40,47,0.11655874190564293,0.3139574468085106,0.0,0.025,0.0,0.012658227848101266
TabPFN,2012-06-30,2012-07-31,10,38,-0.2811029653134916,0.3743157894736842,0.0,0.0,0.0,0.0
TabPFN,2012-06-30,2012-07-31,20,38,-0.2811029653134916,0.3743157894736842,0.0,0.0,0.0,0.0
TabPFN,2012-06-30,2012-07-31,40,38,-0.2811029653134916,0.3743157894736842,0.0,0.0,0.0,0.0
TabPFN,2012-07-31,2012-08-31,10,39,-0.05829959514170041,0.36056410256410254,0.0,0.0,0.0,0.0
TabPFN,2012-07-31,2012-08-31,20,39,-0.05829959514170041,0.36056410256410254,0.0,0.0,0.0,0.0
TabPFN,2012-07-31,2012-08-31,40,39,-0.05829959514170041,0.36056410256410254,0.025,0.0,0.012658227848101266,0.0
TabPFN,2012-08-31,2012-09-30,10,56,-0.017361585782638415,0.3064642857142857,0.0,0.1,0.0,0.05263157894736842
TabPFN,2012-08-31,2012-09-30,20,56,-0.017361585782638415,0.3064642857142857,0.0,0.05,0.0,0.02564102564102564
TabPFN,2012-08-31,2012-09-30,40,56,-0.017361585782638415,0.3064642857142857,0.0,0.025,0.0,0.012658227848101266
TabPFN,2012-09-30,2012-10-31,10,46,0.17261794634597596,0.29234782608695653,0.2,0.0,0.1111111111111111,0.0
TabPFN,2012-09-30,2012-10-31,20,46,0.17261794634597596,0.29234782608695653,0.1,0.0,0.05263157894736842,0.0
TabPFN,2012-09-30,2012-10-31,40,46,0.17261794634597596,0.29234782608695653,0.075,0.0,0.03896103896103896,0.0
TabPFN,2012-10-31,2012-11-30,10,37,0.45258416311047883,0.264,0.0,0.0,0.0,0.0
TabPFN,2012-10-31,2012-11-30,20,37,0.45258416311047883,0.264,0.0,0.0,0.0,0.0
TabPFN,2012-10-31,2012-11-30,40,37,0.45258416311047883,0.264,0.0,0.0,0.0,0.0
TabPFN,2012-11-30,2012-12-31,10,59,0.23839859731151378,0.27105084745762714,0.1,0.0,0.05263157894736842,0.0
TabPFN,2012-11-30,2012-12-31,20,59,0.23839859731151378,0.27105084745762714,0.05,0.0,0.02564102564102564,0.0
TabPFN,2012-11-30,2012-12-31,40,59,0.23839859731151378,0.27105084745762714,0.05,0.05,0.02564102564102564,0.02564102564102564
TabPFN,2012-12-31,2013-01-31,10,48,0.2476118106817195,0.27195833333333336,0.0,0.1,0.0,0.05263157894736842
TabPFN,2012-12-31,2013-01-31,20,48,0.2476118106817195,0.27195833333333336,0.0,0.05,0.0,0.02564102564102564
TabPFN,2012-12-31,2013-01-31,40,48,0.2476118106817195,0.27195833333333336,0.0,0.025,0.0,0.012658227848101266
TabPFN,2013-01-31,2013-02-28,10,61,-0.12147012162876782,0.35009836065573774,0.0,0.0,0.0,0.0
TabPFN,2013-01-31,2013-02-28,20,61,-0.12147012162876782,0.35009836065573774,0.0,0.0,0.0,0.0
TabPFN,2013-01-31,2013-02-28,40,61,-0.12147012162876782,0.35009836065573774,0.0,0.0,0.0,0.0
TabPFN,2013-02-28,2013-03-31,10,61,-0.044368059227921725,0.34550819672131144,0.0,0.0,0.0,0.0
TabPFN,2013-02-28,2013-03-31,20,61,-0.044368059227921725,0.34550819672131144,0.05,0.0,0.02564102564102564,0.0
TabPFN,2013-02-28,2013-03-31,40,61,-0.044368059227921725,0.34550819672131144,0.05,0.025,0.02564102564102564,0.012658227848101266
TabPFN,2013-03-31,2013-04-30,10,37,0.04860123281175912,0.29551351351351346,0.0,0.0,0.0,0.0
TabPFN,2013-03-31,2013-04-30,20,37,0.04860123281175912,0.29551351351351346,0.0,0.0,0.0,0.0
TabPFN,2013-03-31,2013-04-30,40,37,0.04860123281175912,0.29551351351351346,0.025,0.025,0.012658227848101266,0.012658227848101266
TabPFN,2013-04-30,2013-05-31,10,58,-0.133101602633117,0.31868965517241377,0.0,0.0,0.0,0.0
TabPFN,2013-04-30,2013-05-31,20,58,-0.133101602633117,0.31868965517241377,0.0,0.0,0.0,0.0
TabPFN,2013-04-30,2013-05-31,40,58,-0.133101602633117,0.31868965517241377,0.025,0.0,0.012658227848101266,0.0
TabPFN,2013-05-31,2013-06-30,10,50,-0.23457382953181274,0.37672000000000005,0.0,0.1,0.0,0.05263157894736842
TabPFN,2013-05-31,2013-06-30,20,50,-0.23457382953181274,0.37672000000000005,0.0,0.05,0.0,0.02564102564102564
TabPFN,2013-05-31,2013-06-30,40,50,-0.23457382953181274,0.37672000000000005,0.0,0.05,0.0,0.02564102564102564
TabPFN,2013-06-30,2013-07-31,10,54,-0.14305317324185246,0.3403703703703704,0.0,0.0,0.0,0.0
TabPFN,2013-06-30,2013-07-31,20,54,-0.14305317324185246,0.3403703703703704,0.0,0.0,0.0,0.0
TabPFN,2013-06-30,2013-07-31,40,54,-0.14305317324185246,0.3403703703703704,0.0,0.025,0.0,0.012658227848101266
TabPFN,2013-07-31,2013-08-31,10,41,-0.04355400696864112,0.27658536585365856,0.0,0.0,0.0,0.0
TabPFN,2013-07-31,2013-08-31,20,41,-0.04355400696864112,0.27658536585365856,0.0,0.05,0.0,0.02564102564102564
TabPFN,2013-07-31,2013-08-31,40,41,-0.04355400696864112,0.27658536585365856,0.0,0.025,0.0,0.012658227848101266
TabPFN,2013-08-31,2013-09-30,10,58,-0.21554031191362397,0.36934482758620685,0.0,0.0,0.0,0.0
TabPFN,2013-08-31,2013-09-30,20,58,-0.21554031191362397,0.36934482758620685,0.0,0.0,0.0,0.0
TabPFN,2013-08-31,2013-09-30,40,58,-0.21554031191362397,0.36934482758620685,0.0,0.0,0.0,0.0
TabPFN,2013-09-30,2013-10-31,10,50,0.14506602641056424,0.2894,0.0,0.0,0.0,0.0
TabPFN,2013-09-30,2013-10-31,20,50,0.14506602641056424,0.2894,0.0,0.0,0.0,0.0
TabPFN,2013-09-30,2013-10-31,40,50,0.14506602641056424,0.2894,0.0,0.0,0.0,0.0
TabPFN,2013-10-31,2013-11-30,10,37,0.46657183499288757,0.24043243243243245,0.0,0.0,0.0,0.0
TabPFN,2013-10-31,2013-11-30,20,37,0.46657183499288757,0.24043243243243245,0.0,0.0,0.0,0.0
TabPFN,2013-10-31,2013-11-30,40,37,0.46657183499288757,0.24043243243243245,0.0,0.025,0.0,0.012658227848101266
TabPFN,2013-11-30,2013-12-31,10,41,0.08780487804878051,0.3163902439024391,0.1,0.0,0.05263157894736842,0.0
TabPFN,2013-11-30,2013-12-31,20,41,0.08780487804878051,0.3163902439024391,0.05,0.0,0.02564102564102564,0.0
TabPFN,2013-11-30,2013-12-31,40,41,0.08780487804878051,0.3163902439024391,0.025,0.0,0.012658227848101266,0.0
TabPFN,2013-12-31,2014-01-31,10,42,0.13037841341868567,0.30433333333333334,0.0,0.0,0.0,0.0
TabPFN,2013-12-31,2014-01-31,20,42,0.13037841341868567,0.30433333333333334,0.0,0.0,0.0,0.0
TabPFN,2013-12-31,2014-01-31,40,42,0.13037841341868567,0.30433333333333334,0.0,0.0,0.0,0.0
TabPFN,2014-01-31,2014-02-28,10,39,-0.18097165991902836,0.3489230769230769,0.0,0.0,0.0,0.0
TabPFN,2014-01-31,2014-02-28,20,39,-0.18097165991902836,0.3489230769230769,0.0,0.0,0.0,0.0
TabPFN,2014-01-31,2014-02-28,40,39,-0.18097165991902836,0.3489230769230769,0.025,0.0,0.012658227848101266,0.0
TabPFN,2014-02-28,2014-03-31,10,55,0.0362914862914863,0.3407272727272727,0.0,0.0,0.0,0.0
TabPFN,2014-02-28,2014-03-31,20,55,0.0362914862914863,0.3407272727272727,0.0,0.0,0.0,0.0
TabPFN,2014-02-28,2014-03-31,40,55,0.0362914862914863,0.3407272727272727,0.05,0.0,0.02564102564102564,0.0
TabPFN,2014-03-31,2014-04-30,10,51,-0.23565610859728503,0.384078431372549,0.1,0.0,0.05263157894736842,0.0
TabPFN,2014-03-31,2014-04-30,20,51,-0.23565610859728503,0.384078431372549,0.05,0.0,0.02564102564102564,0.0
TabPFN,2014-03-31,2014-04-30,40,51,-0.23565610859728503,0.384078431372549,0.025,0.0,0.012658227848101266,0.0
TabPFN,2014-04-30,2014-05-31,10,53,0.29769392033542974,0.26996226415094343,0.0,0.0,0.0,0.0
TabPFN,2014-04-30,2014-05-31,20,53,0.29769392033542974,0.26996226415094343,0.0,0.1,0.0,0.05263157894736842
TabPFN,2014-04-30,2014-05-31,40,53,0.29769392033542974,0.26996226415094343,0.0,0.05,0.0,0.02564102564102564
TabPFN,2014-05-31,2014-06-30,10,47,0.04151248843663275,0.29634042553191486,0.0,0.0,0.0,0.0
TabPFN,2014-05-31,2014-06-30,20,47,0.04151248843663275,0.29634042553191486,0.0,0.0,0.0,0.0
TabPFN,2014-05-31,2014-06-30,40,47,0.04151248843663275,0.29634042553191486,0.0,0.025,0.0,0.012658227848101266
TabPFN,2014-06-30,2014-07-31,10,47,0.013413506012950974,0.3057872340425532,0.0,0.0,0.0,0.0
TabPFN,2014-06-30,2014-07-31,20,47,0.013413506012950974,0.3057872340425532,0.0,0.0,0.0,0.0
TabPFN,2014-06-30,2014-07-31,40,47,0.013413506012950974,0.3057872340425532,0.0,0.05,0.0,0.02564102564102564
TabPFN,2014-07-31,2014-08-31,10,52,-0.22035345342781523,0.40596153846153843,0.0,0.1,0.0,0.05263157894736842
TabPFN,2014-07-31,2014-08-31,20,52,-0.22035345342781523,0.40596153846153843,0.0,0.05,0.0,0.02564102564102564
TabPFN,2014-07-31,2014-08-31,40,52,-0.22035345342781523,0.40596153846153843,0.0,0.025,0.0,0.012658227848101266
TabPFN,2014-08-31,2014-09-30,10,45,0.10013175230566534,0.2968,0.0,0.0,0.0,0.0
TabPFN,2014-08-31,2014-09-30,20,45,0.10013175230566534,0.2968,0.0,0.0,0.0,0.0
TabPFN,2014-08-31,2014-09-30,40,45,0.10013175230566534,0.2968,0.0,0.05,0.0,0.02564102564102564
TabPFN,2014-09-30,2014-10-31,10,53,0.153201096597323,0.2875471698113208,0.0,0.0,0.0,0.0
TabPFN,2014-09-30,2014-10-31,20,53,0.153201096597323,0.2875471698113208,0.0,0.0,0.0,0.0
TabPFN,2014-09-30,2014-10-31,40,53,0.153201096597323,0.2875471698113208,0.0,0.0,0.0,0.0
TabPFN,2014-10-31,2014-11-30,10,41,0.29843205574912895,0.2615609756097561,0.0,0.1,0.0,0.05263157894736842
TabPFN,2014-10-31,2014-11-30,20,41,0.29843205574912895,0.2615609756097561,0.0,0.05,0.0,0.02564102564102564
TabPFN,2014-10-31,2014-11-30,40,41,0.29843205574912895,0.2615609756097561,0.0,0.05,0.0,0.02564102564102564
TabPFN,2014-11-30,2014-12-31,10,40,-0.1429643527204503,0.3836,0.0,0.0,0.0,0.0
TabPFN,2014-11-30,2014-12-31,20,40,-0.1429643527204503,0.3836,0.0,0.0,0.0,0.0
TabPFN,2014-11-30,2014-12-31,40,40,-0.1429643527204503,0.3836,0.0,0.025,0.0,0.012658227848101266
TabPFN,2014-12-31,2015-01-31,10,45,0.30289855072463767,0.2693777777777778,0.0,0.0,0.0,0.0
TabPFN,2014-12-31,2015-01-31,20,45,0.30289855072463767,0.2693777777777778,0.0,0.05,0.0,0.02564102564102564
TabPFN,2014-12-31,2015-01-31,40,45,0.30289855072463767,0.2693777777777778,0.025,0.05,0.012658227848101266,0.02564102564102564
TabPFN,2015-01-31,2015-02-28,10,43,0.16671700392630626,0.26437209302325576,0.0,0.1,0.0,0.05263157894736842
TabPFN,2015-01-31,2015-02-28,20,43,0.16671700392630626,0.26437209302325576,0.0,0.05,0.0,0.02564102564102564
TabPFN,2015-01-31,2015-02-28,40,43,0.16671700392630626,0.26437209302325576,0.0,0.05,0.0,0.02564102564102564
TabPFN,2015-02-28,2015-03-31,10,42,-0.05664046673689329,0.35795238095238097,0.0,0.0,0.0,0.0
TabPFN,2015-02-28,2015-03-31,20,42,-0.05664046673689329,0.35795238095238097,0.0,0.0,0.0,0.0
TabPFN,2015-02-28,2015-03-31,40,42,-0.05664046673689329,0.35795238095238097,0.0,0.025,0.0,0.012658227848101266
TabPFN,2015-03-31,2015-04-30,10,51,0.21746606334841628,0.289921568627451,0.1,0.0,0.05263157894736842,0.0
TabPFN,2015-03-31,2015-04-30,20,51,0.21746606334841628,0.289921568627451,0.05,0.0,0.02564102564102564,0.0
TabPFN,2015-03-31,2015-04-30,40,51,0.21746606334841628,0.289921568627451,0.025,0.0,0.012658227848101266,0.0
TabPFN,2015-04-30,2015-05-31,10,40,-0.11257035647279551,0.3335,0.0,0.0,0.0,0.0
TabPFN,2015-04-30,2015-05-31,20,40,-0.11257035647279551,0.3335,0.0,0.0,0.0,0.0
TabPFN,2015-04-30,2015-05-31,40,40,-0.11257035647279551,0.3335,0.0,0.025,0.0,0.012658227848101266
TabPFN,2015-05-31,2015-06-30,10,52,-0.10893878596431315,0.35800000000000004,0.0,0.0,0.0,0.0
TabPFN,2015-05-31,2015-06-30,20,52,-0.10893878596431315,0.35800000000000004,0.0,0.0,0.0,0.0
TabPFN,2015-05-31,2015-06-30,40,52,-0.10893878596431315,0.35800000000000004,0.0,0.025,0.0,0.012658227848101266
TabPFN,2015-06-30,2015-07-31,10,54,0.1044787497617686,0.30940740740740746,0.0,0.1,0.0,0.05263157894736842
TabPFN,2015-06-30,2015-07-31,20,54,0.1044787497617686,0.30940740740740746,0.0,0.05,0.0,0.02564102564102564
TabPFN,2015-06-30,2015-07-31,40,54,0.1044787497617686,0.30940740740740746,0.025,0.05,0.012658227848101266,0.02564102564102564
TabPFN,2015-07-31,2015-08-31,10,37,0.2377904220009483,0.29032432432432437,0.1,0.0,0.05263157894736842,0.0
TabPFN,2015-07-31,2015-08-31,20,37,0.2377904220009483,0.29032432432432437,0.05,0.0,0.02564102564102564,0.0
TabPFN,2015-07-31,2015-08-31,40,37,0.2377904220009483,0.29032432432432437,0.05,0.0,0.02564102564102564,0.0
TabPFN,2015-08-31,2015-09-30,10,52,0.04362673952019124,0.32819230769230767,0.0,0.0,0.0,0.0
TabPFN,2015-08-31,2015-09-30,20,52,0.04362673952019124,0.32819230769230767,0.0,0.0,0.0,0.0
TabPFN,2015-08-31,2015-09-30,40,52,0.04362673952019124,0.32819230769230767,0.0,0.075,0.0,0.03896103896103896
TabPFN,2015-09-30,2015-10-31,10,42,0.4493152904950977,0.21661904761904763,0.0,0.0,0.0,0.0
TabPFN,2015-09-30,2015-10-31,20,42,0.4493152904950977,0.21661904761904763,0.0,0.0,0.0,0.0
TabPFN,2015-09-30,2015-10-31,40,42,0.4493152904950977,0.21661904761904763,0.0,0.05,0.0,0.02564102564102564
TabPFN,2015-10-31,2015-11-30,10,40,-0.0727954971857411,0.32480000000000003,0.0,0.0,0.0,0.0
TabPFN,2015-10-31,2015-11-30,20,40,-0.0727954971857411,0.32480000000000003,0.0,0.0,0.0,0.0
TabPFN,2015-10-31,2015-11-30,40,40,-0.0727954971857411,0.32480000000000003,0.0,0.0,0.0,0.0
TabPFN,2015-11-30,2015-12-31,10,41,0.2677700348432056,0.2689268292682927,0.0,0.0,0.0,0.0
TabPFN,2015-11-30,2015-12-31,20,41,0.2677700348432056,0.2689268292682927,0.0,0.0,0.0,0.0
TabPFN,2015-11-30,2015-12-31,40,41,0.2677700348432056,0.2689268292682927,0.0,0.0,0.0,0.0
TabPFN,2015-12-31,2016-01-31,10,31,-0.10806451612903227,0.38806451612903226,0.0,0.0,0.0,0.0
TabPFN,2015-12-31,2016-01-31,20,31,-0.10806451612903227,0.38806451612903226,0.0,0.0,0.0,0.0
TabPFN,2015-12-31,2016-01-31,40,31,-0.10806451612903227,0.38806451612903226,0.0,0.0,0.0,0.0
TabPFN,2016-01-31,2016-02-29,10,51,0.26361990950226244,0.26725490196078433,0.0,0.0,0.0,0.0
TabPFN,2016-01-31,2016-02-29,20,51,0.26361990950226244,0.26725490196078433,0.0,0.0,0.0,0.0
TabPFN,2016-01-31,2016-02-29,40,51,0.26361990950226244,0.26725490196078433,0.025,0.025,0.012658227848101266,0.012658227848101266
TabPFN,2016-02-29,2016-03-31,10,47,0.1757631822386679,0.2707234042553191,0.0,0.0,0.0,0.0
TabPFN,2016-02-29,2016-03-31,20,47,0.1757631822386679,0.2707234042553191,0.0,0.0,0.0,0.0
TabPFN,2016-02-29,2016-03-31,40,47,0.1757631822386679,0.2707234042553191,0.025,0.025,0.012658227848101266,0.012658227848101266
TabPFN,2016-03-31,2016-04-30,10,41,0.22247386759581886,0.27034146341463416,0.0,0.0,0.0,0.0
TabPFN,2016-03-31,2016-04-30,20,41,0.22247386759581886,0.27034146341463416,0.0,0.0,0.0,0.0
TabPFN,2016-03-31,2016-04-30,40,41,0.22247386759581886,0.27034146341463416,0.0,0.0,0.0,0.0
TabPFN,2016-04-30,2016-05-31,10,51,0.05004524886877828,0.32756862745098037,0.0,0.0,0.0,0.0
TabPFN,2016-04-30,2016-05-31,20,51,0.05004524886877828,0.32756862745098037,0.0,0.0,0.0,0.0
TabPFN,2016-04-30,2016-05-31,40,51,0.05004524886877828,0.32756862745098037,0.0,0.0,0.0,0.0
TabPFN,2016-05-31,2016-06-30,10,53,-0.14078374455732945,0.3307169811320754,0.0,0.0,0.0,0.0
TabPFN,2016-05-31,2016-06-30,20,53,-0.14078374455732945,0.3307169811320754,0.0,0.0,0.0,0.0
TabPFN,2016-05-31,2016-06-30,40,53,-0.14078374455732945,0.3307169811320754,0.0,0.025,0.0,0.012658227848101266
TabPFN,2016-06-30,2016-07-31,10,51,-0.07882352941176471,0.33113725490196083,0.0,0.0,0.0,0.0
TabPFN,2016-06-30,2016-07-31,20,51,-0.07882352941176471,0.33113725490196083,0.0,0.0,0.0,0.0
TabPFN,2016-06-30,2016-07-31,40,51,-0.07882352941176471,0.33113725490196083,0.0,0.0,0.0,0.0
TabPFN,2016-07-31,2016-08-31,10,49,0.04785714285714285,0.31542857142857145,0.0,0.0,0.0,0.0
TabPFN,2016-07-31,2016-08-31,20,49,0.04785714285714285,0.31542857142857145,0.0,0.1,0.0,0.05263157894736842
TabPFN,2016-07-31,2016-08-31,40,49,0.04785714285714285,0.31542857142857145,0.0,0.05,0.0,0.02564102564102564
TabPFN,2016-08-31,2016-09-30,10,49,0.015204081632653061,0.33428571428571424,0.0,0.0,0.0,0.0
TabPFN,2016-08-31,2016-09-30,20,49,0.015204081632653061,0.33428571428571424,0.0,0.0,0.0,0.0
TabPFN,2016-08-31,2016-09-30,40,49,0.015204081632653061,0.33428571428571424,0.0,0.0,0.0,0.0
TabPFN,2016-09-30,2016-10-31,10,48,-0.0755536257056014,0.33362500000000006,0.0,0.0,0.0,0.0
TabPFN,2016-09-30,2016-10-31,20,48,-0.0755536257056014,0.33362500000000006,0.0,0.0,0.0,0.0
TabPFN,2016-09-30,2016-10-31,40,48,-0.0755536257056014,0.33362500000000006,0.025,0.0,0.012658227848101266,0.0
TabPFN,2016-10-31,2016-11-30,10,45,-0.0748353096179183,0.3083555555555556,0.0,0.0,0.0,0.0
TabPFN,2016-10-31,2016-11-30,20,45,-0.0748353096179183,0.3083555555555556,0.0,0.0,0.0,0.0
TabPFN,2016-10-31,2016-11-30,40,45,-0.0748353096179183,0.3083555555555556,0.0,0.0,0.0,0.0
TabPFN,2016-11-30,2016-12-31,10,43,-0.07882814859559045,0.3475348837209303,0.0,0.0,0.0,0.0
TabPFN,2016-11-30,2016-12-31,20,43,-0.07882814859559045,0.3475348837209303,0.0,0.0,0.0,0.0
TabPFN,2016-11-30,2016-12-31,40,43,-0.07882814859559045,0.3475348837209303,0.025,0.0,0.012658227848101266,0.0
TabPFN,2016-12-31,2017-01-31,10,60,-0.020338983050847463,0.3474333333333333,0.0,0.0,0.0,0.0
TabPFN,2016-12-31,2017-01-31,20,60,-0.020338983050847463,0.3474333333333333,0.0,0.0,0.0,0.0
TabPFN,2016-12-31,2017-01-31,40,60,-0.020338983050847463,0.3474333333333333,0.0,0.05,0.0,0.02564102564102564
TabPFN,2017-01-31,2017-02-28,10,52,-0.22120720566891489,0.34465384615384625,0.1,0.0,0.05263157894736842,0.0
TabPFN,2017-01-31,2017-02-28,20,52,-0.22120720566891489,0.34465384615384625,0.05,0.0,0.02564102564102564,0.0
TabPFN,2017-01-31,2017-02-28,40,52,-0.22120720566891489,0.34465384615384625,0.025,0.0,0.012658227848101266,0.0
TabPFN,2017-02-28,2017-03-31,10,48,0.11235345201910552,0.3389166666666667,0.1,0.1,0.05263157894736842,0.05263157894736842
TabPFN,2017-02-28,2017-03-31,20,48,0.11235345201910552,0.3389166666666667,0.05,0.05,0.02564102564102564,0.02564102564102564
TabPFN,2017-02-28,2017-03-31,40,48,0.11235345201910552,0.3389166666666667,0.025,0.05,0.012658227848101266,0.02564102564102564
TabPFN,2017-03-31,2017-04-30,10,50,0.05517406962785113,0.33236000000000004,0.0,0.0,0.0,0.0
TabPFN,2017-03-31,2017-04-30,20,50,0.05517406962785113,0.33236000000000004,0.0,0.05,0.0,0.02564102564102564
TabPFN,2017-03-31,2017-04-30,40,50,0.05517406962785113,0.33236000000000004,0.0,0.075,0.0,0.03896103896103896
TabPFN,2017-04-30,2017-05-31,10,42,-0.1532290738189774,0.3242857142857143,0.0,0.0,0.0,0.0
TabPFN,2017-04-30,2017-05-31,20,42,-0.1532290738189774,0.3242857142857143,0.0,0.0,0.0,0.0
TabPFN,2017-04-30,2017-05-31,40,42,-0.1532290738189774,0.3242857142857143,0.0,0.0,0.0,0.0
TabPFN,2017-05-31,2017-06-30,10,46,0.14683934628430464,0.32582608695652177,0.0,0.0,0.0,0.0
TabPFN,2017-05-31,2017-06-30,20,46,0.14683934628430464,0.32582608695652177,0.0,0.0,0.0,0.0
TabPFN,2017-05-31,2017-06-30,40,46,0.14683934628430464,0.32582608695652177,0.025,0.025,0.012658227848101266,0.012658227848101266
TabPFN,2017-06-30,2017-07-31,10,51,-0.10714932126696831,0.37909803921568636,0.0,0.1,0.0,0.05263157894736842
TabPFN,2017-06-30,2017-07-31,20,51,-0.10714932126696831,0.37909803921568636,0.0,0.05,0.0,0.02564102564102564
TabPFN,2017-06-30,2017-07-31,40,51,-0.10714932126696831,0.37909803921568636,0.025,0.025,0.012658227848101266,0.012658227848101266
TabPFN,2017-07-31,2017-08-31,10,37,0.3188715030820294,0.24794594594594593,0.0,0.0,0.0,0.0
TabPFN,2017-07-31,2017-08-31,20,37,0.3188715030820294,0.24794594594594593,0.0,0.0,0.0,0.0
TabPFN,2017-07-31,2017-08-31,40,37,0.3188715030820294,0.24794594594594593,0.0,0.025,0.0,0.012658227848101266
TabPFN,2017-08-31,2017-09-30,10,41,0.23083623693379793,0.2619512195121952,0.0,0.0,0.0,0.0
TabPFN,2017-08-31,2017-09-30,20,41,0.23083623693379793,0.2619512195121952,0.0,0.1,0.0,0.05263157894736842
TabPFN,2017-08-31,2017-09-30,40,41,0.23083623693379793,0.2619512195121952,0.0,0.05,0.0,0.02564102564102564
TabPFN,2017-09-30,2017-10-31,10,55,-0.09891774891774893,0.3121454545454546,0.0,0.0,0.0,0.0
TabPFN,2017-09-30,2017-10-31,20,55,-0.09891774891774893,0.3121454545454546,0.0,0.0,0.0,0.0
TabPFN,2017-09-30,2017-10-31,40,55,-0.09891774891774893,0.3121454545454546,0.0,0.0,0.0,0.0
TabPFN,2017-10-31,2017-11-30,10,47,0.2490749306197965,0.27340425531914897,0.0,0.0,0.0,0.0
TabPFN,2017-10-31,2017-11-30,20,47,0.2490749306197965,0.27340425531914897,0.0,0.0,0.0,0.0
TabPFN,2017-10-31,2017-11-30,40,47,0.2490749306197965,0.27340425531914897,0.0,0.025,0.0,0.012658227848101266
TabPFN,2017-11-30,2017-12-31,10,47,0.1270814061054579,0.3057021276595745,0.0,0.0,0.0,0.0
TabPFN,2017-11-30,2017-12-31,20,47,0.1270814061054579,0.3057021276595745,0.0,0.0,0.0,0.0
TabPFN,2017-11-30,2017-12-31,40,47,0.1270814061054579,0.3057021276595745,0.025,0.0,0.012658227848101266,0.0
TabPFN,2017-12-31,2018-01-31,10,60,0.12509030286190612,0.3162333333333333,0.0,0.0,0.0,0.0
TabPFN,2017-12-31,2018-01-31,20,60,0.12509030286190612,0.3162333333333333,0.05,0.0,0.02564102564102564,0.0
TabPFN,2017-12-31,2018-01-31,40,60,0.12509030286190612,0.3162333333333333,0.05,0.025,0.02564102564102564,0.012658227848101266
TabPFN,2018-01-31,2018-02-28,10,56,0.02645249487354751,0.32250000000000006,0.1,0.0,0.05263157894736842,0.0
TabPFN,2018-01-31,2018-02-28,20,56,0.02645249487354751,0.32250000000000006,0.05,0.05,0.02564102564102564,0.02564102564102564
TabPFN,2018-01-31,2018-02-28,40,56,0.02645249487354751,0.32250000000000006,0.025,0.05,0.012658227848101266,0.02564102564102564
TabPFN,2018-02-28,2018-03-31,10,49,-0.013469387755102041,0.32628571428571423,0.0,0.0,0.0,0.0
TabPFN,2018-02-28,2018-03-31,20,49,-0.013469387755102041,0.32628571428571423,0.05,0.0,0.02564102564102564,0.0
TabPFN,2018-02-28,2018-03-31,40,49,-0.013469387755102041,0.32628571428571423,0.025,0.0,0.012658227848101266,0.0
TabPFN,2018-03-31,2018-04-30,10,45,0.13043478260869562,0.26488888888888895,0.0,0.0,0.0,0.0
TabPFN,2018-03-31,2018-04-30,20,45,0.13043478260869562,0.26488888888888895,0.05,0.05,0.02564102564102564,0.02564102564102564
TabPFN,2018-03-31,2018-04-30,40,45,0.13043478260869562,0.26488888888888895,0.025,0.075,0.012658227848101266,0.03896103896103896
TabPFN,2018-04-30,2018-05-31,10,52,0.07828908050883633,0.31334615384615394,0.0,0.0,0.0,0.0
TabPFN,2018-04-30,2018-05-31,20,52,0.07828908050883633,0.31334615384615394,0.0,0.15,0.0,0.08108108108108109
TabPFN,2018-04-30,2018-05-31,40,52,0.07828908050883633,0.31334615384615394,0.0,0.075,0.0,0.03896103896103896
TabPFN,2018-05-31,2018-06-30,10,52,0.23512336719883886,0.28076923076923077,0.1,0.0,0.05263157894736842,0.0
TabPFN,2018-05-31,2018-06-30,20,52,0.23512336719883886,0.28076923076923077,0.05,0.0,0.02564102564102564,0.0
TabPFN,2018-05-31,2018-06-30,40,52,0.23512336719883886,0.28076923076923077,0.025,0.025,0.012658227848101266,0.012658227848101266
TabPFN,2018-06-30,2018-07-31,10,54,-0.0512673908900324,0.2944444444444444,0.0,0.0,0.0,0.0
TabPFN,2018-06-30,2018-07-31,20,54,-0.0512673908900324,0.2944444444444444,0.05,0.0,0.02564102564102564,0.0
TabPFN,2018-06-30,2018-07-31,40,54,-0.0512673908900324,0.2944444444444444,0.025,0.025,0.012658227848101266,0.012658227848101266
TabPFN,2018-07-31,2018-08-31,10,40,0.04390243902439025,0.33975,0.0,0.0,0.0,0.0
TabPFN,2018-07-31,2018-08-31,20,40,0.04390243902439025,0.33975,0.0,0.05,0.0,0.02564102564102564
TabPFN,2018-07-31,2018-08-31,40,40,0.04390243902439025,0.33975,0.0,0.05,0.0,0.02564102564102564
TabPFN,2018-08-31,2018-09-30,10,51,-0.346606334841629,0.37909803921568636,0.0,0.0,0.0,0.0
TabPFN,2018-08-31,2018-09-30,20,51,-0.346606334841629,0.37909803921568636,0.0,0.0,0.0,0.0
TabPFN,2018-08-31,2018-09-30,40,51,-0.346606334841629,0.37909803921568636,0.0,0.0,0.0,0.0
TabPFN,2018-09-30,2018-10-31,10,46,-0.10231267345050879,0.3344347826086956,0.0,0.0,0.0,0.0
TabPFN,2018-09-30,2018-10-31,20,46,-0.10231267345050879,0.3344347826086956,0.0,0.0,0.0,0.0
TabPFN,2018-09-30,2018-10-31,40,46,-0.10231267345050879,0.3344347826086956,0.0,0.05,0.0,0.02564102564102564
TabPFN,2018-10-31,2018-11-30,10,41,0.24024390243902444,0.31712195121951214,0.0,0.1,0.0,0.05263157894736842
TabPFN,2018-10-31,2018-11-30,20,41,0.24024390243902444,0.31712195121951214,0.0,0.05,0.0,0.02564102564102564
TabPFN,2018-10-31,2018-11-30,40,41,0.24024390243902444,0.31712195121951214,0.05,0.025,0.02564102564102564,0.012658227848101266
TabPFN,2018-11-30,2018-12-31,10,46,0.186308973172988,0.2890434782608696,0.0,0.0,0.0,0.0
TabPFN,2018-11-30,2018-12-31,20,46,0.186308973172988,0.2890434782608696,0.0,0.0,0.0,0.0
TabPFN,2018-11-30,2018-12-31,40,46,0.186308973172988,0.2890434782608696,0.0,0.025,0.0,0.012658227848101266
TabPFN,2018-12-31,2019-01-31,10,44,-0.10049330514446793,0.3930909090909091,0.0,0.0,0.0,0.0
TabPFN,2018-12-31,2019-01-31,20,44,-0.10049330514446793,0.3930909090909091,0.0,0.0,0.0,0.0
TabPFN,2018-12-31,2019-01-31,40,44,-0.10049330514446793,0.3930909090909091,0.0,0.0,0.0,0.0
TabPFN,2019-01-31,2019-02-28,10,50,-0.2614645858343337,0.33164,0.0,0.0,0.0,0.0
TabPFN,2019-01-31,2019-02-28,20,50,-0.2614645858343337,0.33164,0.0,0.0,0.0,0.0
TabPFN,2019-01-31,2019-02-28,40,50,-0.2614645858343337,0.33164,0.0,0.0,0.0,0.0
TabPFN,2019-02-28,2019-03-31,10,57,0.005379828882551205,0.32582456140350874,0.0,0.0,0.0,0.0
TabPFN,2019-02-28,2019-03-31,20,57,0.005379828882551205,0.32582456140350874,0.0,0.0,0.0,0.0
TabPFN,2019-02-28,2019-03-31,40,57,0.005379828882551205,0.32582456140350874,0.0,0.025,0.0,0.012658227848101266
TabPFN,2019-03-31,2019-04-30,10,52,0.05626227268846581,0.31226923076923074,0.0,0.0,0.0,0.0
TabPFN,2019-03-31,2019-04-30,20,52,0.05626227268846581,0.31226923076923074,0.0,0.0,0.0,0.0
TabPFN,2019-03-31,2019-04-30,40,52,0.05626227268846581,0.31226923076923074,0.0,0.05,0.0,0.02564102564102564
TabPFN,2019-04-30,2019-05-31,10,46,-0.13117483811285846,0.36517391304347824,0.1,0.0,0.05263157894736842,0.0
TabPFN,2019-04-30,2019-05-31,20,46,-0.13117483811285846,0.36517391304347824,0.05,0.0,0.02564102564102564,0.0
TabPFN,2019-04-30,2019-05-31,40,46,-0.13117483811285846,0.36517391304347824,0.025,0.025,0.012658227848101266,0.012658227848101266
TabPFN,2019-05-31,2019-06-30,10,45,0.22160737812911724,0.30875555555555556,0.0,0.0,0.0,0.0
TabPFN,2019-05-31,2019-06-30,20,45,0.22160737812911724,0.30875555555555556,0.0,0.0,0.0,0.0
TabPFN,2019-05-31,2019-06-30,40,45,0.22160737812911724,0.30875555555555556,0.0,0.0,0.0,0.0
TabPFN,2019-06-30,2019-07-31,10,50,-0.31025210084033605,0.39584,0.0,0.0,0.0,0.0
TabPFN,2019-06-30,2019-07-31,20,50,-0.31025210084033605,0.39584,0.0,0.0,0.0,0.0
TabPFN,2019-06-30,2019-07-31,40,50,-0.31025210084033605,0.39584,0.0,0.025,0.0,0.012658227848101266
TabPFN,2019-07-31,2019-08-31,10,42,0.11093104286524594,0.31852380952380954,0.0,0.0,0.0,0.0
TabPFN,2019-07-31,2019-08-31,20,42,0.11093104286524594,0.31852380952380954,0.0,0.0,0.0,0.0
TabPFN,2019-07-31,2019-08-31,40,42,0.11093104286524594,0.31852380952380954,0.0,0.0,0.0,0.0
TabPFN,2019-08-31,2019-09-30,10,50,0.2385114045618247,0.3128,0.0,0.1,0.0,0.05263157894736842
TabPFN,2019-08-31,2019-09-30,20,50,0.2385114045618247,0.3128,0.0,0.1,0.0,0.05263157894736842
TabPFN,2019-08-31,2019-09-30,40,50,0.2385114045618247,0.3128,0.0,0.1,0.0,0.05263157894736842
TabPFN,2019-09-30,2019-10-31,10,39,0.11659919028340082,0.3252307692307693,0.0,0.0,0.0,0.0
TabPFN,2019-09-30,2019-10-31,20,39,0.11659919028340082,0.3252307692307693,0.0,0.0,0.0,0.0
TabPFN,2019-09-30,2019-10-31,40,39,0.11659919028340082,0.3252307692307693,0.025,0.025,0.012658227848101266,0.012658227848101266
TabPFN,2019-10-31,2019-11-30,10,41,0.013937282229965159,0.3095121951219512,0.0,0.0,0.0,0.0
TabPFN,2019-10-31,2019-11-30,20,41,0.013937282229965159,0.3095121951219512,0.0,0.0,0.0,0.0
TabPFN,2019-10-31,2019-11-30,40,41,0.013937282229965159,0.3095121951219512,0.0,0.025,0.0,0.012658227848101266
TabPFN,2019-11-30,2019-12-31,10,36,-0.13101673101673103,0.31411111111111106,0.0,0.0,0.0,0.0
TabPFN,2019-11-30,2019-12-31,20,36,-0.13101673101673103,0.31411111111111106,0.0,0.0,0.0,0.0
TabPFN,2019-11-30,2019-12-31,40,36,-0.13101673101673103,0.31411111111111106,0.025,0.0,0.012658227848101266,0.0
TabPFN,2019-12-31,2020-01-31,10,47,0.08684088806660499,0.32310638297872346,0.0,0.0,0.0,0.0
TabPFN,2019-12-31,2020-01-31,20,47,0.08684088806660499,0.32310638297872346,0.0,0.0,0.0,0.0
TabPFN,2019-12-31,2020-01-31,40,47,0.08684088806660499,0.32310638297872346,0.025,0.0,0.012658227848101266,0.0
TabPFN,2020-01-31,2020-02-29,10,47,-0.02197039777983349,0.3209787234042553,0.0,0.0,0.0,0.0
TabPFN,2020-01-31,2020-02-29,20,47,-0.02197039777983349,0.3209787234042553,0.05,0.0,0.02564102564102564,0.0
TabPFN,2020-01-31,2020-02-29,40,47,-0.02197039777983349,0.3209787234042553,0.05,0.0,0.02564102564102564,0.0
TabPFN,2020-02-29,2020-03-31,10,48,0.1836734693877551,0.2901666666666667,0.0,0.1,0.0,0.05263157894736842
TabPFN,2020-02-29,2020-03-31,20,48,0.1836734693877551,0.2901666666666667,0.05,0.1,0.02564102564102564,0.05263157894736842
TabPFN,2020-02-29,2020-03-31,40,48,0.1836734693877551,0.2901666666666667,0.025,0.05,0.012658227848101266,0.02564102564102564
TabPFN,2020-03-31,2020-04-30,10,41,0.19547038327526134,0.306390243902439,0.0,0.0,0.0,0.0
TabPFN,2020-03-31,2020-04-30,20,41,0.19547038327526134,0.306390243902439,0.0,0.0,0.0,0.0
TabPFN,2020-03-31,2020-04-30,40,41,0.19547038327526134,0.306390243902439,0.0,0.0,0.0,0.0
TabPFN,2020-04-30,2020-05-31,10,54,0.14129979035639412,0.30907407407407406,0.1,0.0,0.05263157894736842,0.0
TabPFN,2020-04-30,2020-05-31,20,54,0.14129979035639412,0.30907407407407406,0.05,0.0,0.02564102564102564,0.0
TabPFN,2020-04-30,2020-05-31,40,54,0.14129979035639412,0.30907407407407406,0.025,0.0,0.012658227848101266,0.0
TabPFN,2020-05-31,2020-06-30,10,43,-0.33811537299909394,0.3975348837209303,0.0,0.0,0.0,0.0
TabPFN,2020-05-31,2020-06-30,20,43,-0.33811537299909394,0.3975348837209303,0.0,0.0,0.0,0.0
TabPFN,2020-05-31,2020-06-30,40,43,-0.33811537299909394,0.3975348837209303,0.0,0.0,0.0,0.0
TabPFN,2020-06-30,2020-07-31,10,48,0.029092488059053408,0.3387083333333334,0.0,0.0,0.0,0.0
TabPFN,2020-06-30,2020-07-31,20,48,0.029092488059053408,0.3387083333333334,0.0,0.0,0.0,0.0
TabPFN,2020-06-30,2020-07-31,40,48,0.029092488059053408,0.3387083333333334,0.0,0.025,0.0,0.012658227848101266
TabPFN,2020-07-31,2020-08-31,10,39,0.06720647773279352,0.3394871794871795,0.0,0.0,0.0,0.0
TabPFN,2020-07-31,2020-08-31,20,39,0.06720647773279352,0.3394871794871795,0.0,0.0,0.0,0.0
TabPFN,2020-07-31,2020-08-31,40,39,0.06720647773279352,0.3394871794871795,0.0,0.0,0.0,0.0
TabPFN,2020-08-31,2020-09-30,10,39,0.03704453441295547,0.31635897435897437,0.0,0.0,0.0,0.0
TabPFN,2020-08-31,2020-09-30,20,39,0.03704453441295547,0.31635897435897437,0.0,0.0,0.0,0.0
TabPFN,2020-08-31,2020-09-30,40,39,0.03704453441295547,0.31635897435897437,0.0,0.0,0.0,0.0
TabPFN,2020-09-30,2020-10-31,10,46,0.138945420906568,0.33456521739130435,0.0,0.1,0.0,0.05263157894736842
TabPFN,2020-09-30,2020-10-31,20,46,0.138945420906568,0.33456521739130435,0.0,0.1,0.0,0.05263157894736842
TabPFN,2020-09-30,2020-10-31,40,46,0.138945420906568,0.33456521739130435,0.0,0.075,0.0,0.03896103896103896
TabPFN,2020-10-31,2020-11-30,10,35,0.4470588235294118,0.23639999999999997,0.0,0.0,0.0,0.0
TabPFN,2020-10-31,2020-11-30,20,35,0.4470588235294118,0.23639999999999997,0.0,0.0,0.0,0.0
TabPFN,2020-10-31,2020-11-30,40,35,0.4470588235294118,0.23639999999999997,0.0,0.025,0.0,0.012658227848101266
TabPFN,2020-11-30,2020-12-31,10,53,0.05628124496049024,0.2847924528301887,0.0,0.0,0.0,0.0
TabPFN,2020-11-30,2020-12-31,20,53,0.05628124496049024,0.2847924528301887,0.0,0.0,0.0,0.0
TabPFN,2020-11-30,2020-12-31,40,53,0.05628124496049024,0.2847924528301887,0.0,0.0,0.0,0.0
TabPFN,2020-12-31,2021-01-31,10,46,0.2215849522047487,0.2858260869565218,0.0,0.0,0.0,0.0
TabPFN,2020-12-31,2021-01-31,20,46,0.2215849522047487,0.2858260869565218,0.0,0.0,0.0,0.0
TabPFN,2020-12-31,2021-01-31,40,46,0.2215849522047487,0.2858260869565218,0.0,0.0,0.0,0.0
TabPFN,2021-01-31,2021-02-28,10,40,0.039024390243902446,0.30679999999999996,0.0,0.0,0.0,0.0
TabPFN,2021-01-31,2021-02-28,20,40,0.039024390243902446,0.30679999999999996,0.0,0.05,0.0,0.02564102564102564
TabPFN,2021-01-31,2021-02-28,40,40,0.039024390243902446,0.30679999999999996,0.0,0.025,0.0,0.012658227848101266
TabPFN,2021-02-28,2021-03-31,10,48,0.10974815458098132,0.2910833333333333,0.0,0.0,0.0,0.0
TabPFN,2021-02-28,2021-03-31,20,48,0.10974815458098132,0.2910833333333333,0.0,0.0,0.0,0.0
TabPFN,2021-02-28,2021-03-31,40,48,0.10974815458098132,0.2910833333333333,0.05,0.0,0.02564102564102564,0.0
TabPFN,2021-03-31,2021-04-30,10,35,0.29747899159663865,0.26428571428571435,0.0,0.0,0.0,0.0
TabPFN,2021-03-31,2021-04-30,20,35,0.29747899159663865,0.26428571428571435,0.0,0.0,0.0,0.0
TabPFN,2021-03-31,2021-04-30,40,35,0.29747899159663865,0.26428571428571435,0.0,0.0,0.0,0.0
TabPFN,2021-04-30,2021-05-31,10,53,0.21843251088534107,0.283811320754717,0.0,0.0,0.0,0.0
TabPFN,2021-04-30,2021-05-31,20,53,0.21843251088534107,0.283811320754717,0.0,0.0,0.0,0.0
TabPFN,2021-04-30,2021-05-31,40,53,0.21843251088534107,0.283811320754717,0.025,0.05,0.012658227848101266,0.02564102564102564
TabPFN,2021-05-31,2021-06-30,10,34,0.2849503437738731,0.24623529411764705,0.0,0.1,0.0,0.05263157894736842
TabPFN,2021-05-31,2021-06-30,20,34,0.2849503437738731,0.24623529411764705,0.0,0.05,0.0,0.02564102564102564
TabPFN,2021-05-31,2021-06-30,40,34,0.2849503437738731,0.24623529411764705,0.0,0.05,0.0,0.02564102564102564
TabPFN,2021-06-30,2021-07-31,10,47,-0.21831637372802962,0.3788510638297871,0.0,0.0,0.0,0.0
TabPFN,2021-06-30,2021-07-31,20,47,-0.21831637372802962,0.3788510638297871,0.0,0.0,0.0,0.0
TabPFN,2021-06-30,2021-07-31,40,47,-0.21831637372802962,0.3788510638297871,0.025,0.0,0.012658227848101266,0.0
TabPFN,2021-07-31,2021-08-31,10,36,-0.16061776061776062,0.3932222222222222,0.0,0.0,0.0,0.0
TabPFN,2021-07-31,2021-08-31,20,36,-0.16061776061776062,0.3932222222222222,0.0,0.0,0.0,0.0
TabPFN,2021-07-31,2021-08-31,40,36,-0.16061776061776062,0.3932222222222222,0.0,0.0,0.0,0.0
TabPFN,2021-08-31,2021-09-30,10,49,0.2691836734693877,0.2884081632653061,0.0,0.0,0.0,0.0
TabPFN,2021-08-31,2021-09-30,20,49,0.2691836734693877,0.2884081632653061,0.0,0.05,0.0,0.02564102564102564
TabPFN,2021-08-31,2021-09-30,40,49,0.2691836734693877,0.2884081632653061,0.05,0.025,0.02564102564102564,0.012658227848101266
TabPFN,2021-09-30,2021-10-31,10,35,0.10448179271708685,0.3542857142857143,0.0,0.0,0.0,0.0
TabPFN,2021-09-30,2021-10-31,20,35,0.10448179271708685,0.3542857142857143,0.0,0.0,0.0,0.0
TabPFN,2021-09-30,2021-10-31,40,35,0.10448179271708685,0.3542857142857143,0.0,0.0,0.0,0.0
TabPFN,2021-10-31,2021-11-30,10,35,0.07394957983193277,0.298,0.0,0.0,0.0,0.0
TabPFN,2021-10-31,2021-11-30,20,35,0.07394957983193277,0.298,0.0,0.0,0.0,0.0
TabPFN,2021-10-31,2021-11-30,40,35,0.07394957983193277,0.298,0.0,0.0,0.0,0.0
TabPFN,2021-11-30,2021-12-31,10,41,0.48118466898954704,0.2188780487804878,0.0,0.0,0.0,0.0
TabPFN,2021-11-30,2021-12-31,20,41,0.48118466898954704,0.2188780487804878,0.0,0.0,0.0,0.0
TabPFN,2021-11-30,2021-12-31,40,41,0.48118466898954704,0.2188780487804878,0.0,0.025,0.0,0.012658227848101266
Ridge,2010-02-28,2010-03-31,10,53,0.652072246411869,0.19818867924528302,0.1,0.0,0.05263157894736842,0.0
Ridge,2010-02-28,2010-03-31,20,53,0.652072246411869,0.19818867924528302,0.05,0.0,0.02564102564102564,0.0
Ridge,2010-02-28,2010-03-31,40,53,0.652072246411869,0.19818867924528302,0.075,0.05,0.03896103896103896,0.02564102564102564
Ridge,2010-03-31,2010-04-30,10,47,0.7040934320074007,0.1528936170212766,0.0,0.0,0.0,0.0
Ridge,2010-03-31,2010-04-30,20,47,0.7040934320074007,0.1528936170212766,0.0,0.05,0.0,0.02564102564102564
Ridge,2010-03-31,2010-04-30,40,47,0.7040934320074007,0.1528936170212766,0.075,0.025,0.03896103896103896,0.012658227848101266
Ridge,2010-04-30,2010-05-31,10,47,0.7888529139685476,0.16025531914893618,0.0,0.0,0.0,0.0
Ridge,2010-04-30,2010-05-31,20,47,0.7888529139685476,0.16025531914893618,0.0,0.0,0.0,0.0
Ridge,2010-04-30,2010-05-31,40,47,0.7888529139685476,0.16025531914893618,0.075,0.025,0.03896103896103896,0.012658227848101266
Ridge,2010-05-31,2010-06-30,10,40,0.5921200750469044,0.1979,0.0,0.0,0.0,0.0
Ridge,2010-05-31,2010-06-30,20,40,0.5921200750469044,0.1979,0.0,0.05,0.0,0.02564102564102564
Ridge,2010-05-31,2010-06-30,40,40,0.5921200750469044,0.1979,0.025,0.025,0.012658227848101266,0.012658227848101266
Ridge,2010-06-30,2010-07-31,10,46,0.6065371569534381,0.23199999999999998,0.0,0.0,0.0,0.0
Ridge,2010-06-30,2010-07-31,20,46,0.6065371569534381,0.23199999999999998,0.0,0.0,0.0,0.0
Ridge,2010-06-30,2010-07-31,40,46,0.6065371569534381,0.23199999999999998,0.075,0.0,0.03896103896103896,0.0
Ridge,2010-07-31,2010-08-31,10,55,0.1573593073593074,0.30770909090909104,0.0,0.0,0.0,0.0
Ridge,2010-07-31,2010-08-31,20,55,0.1573593073593074,0.30770909090909104,0.05,0.0,0.02564102564102564,0.0
Ridge,2010-07-31,2010-08-31,40,55,0.1573593073593074,0.30770909090909104,0.025,0.025,0.012658227848101266,0.012658227848101266
Ridge,2010-08-31,2010-09-30,10,28,0.4126984126984127,0.25935714285714284,0.0,0.1,0.0,0.05263157894736842
Ridge,2010-08-31,2010-09-30,20,28,0.4126984126984127,0.25935714285714284,0.0,0.1,0.0,0.05263157894736842
Ridge,2010-08-31,2010-09-30,40,28,0.4126984126984127,0.25935714285714284,0.0,0.075,0.0,0.03896103896103896
Ridge,2010-09-30,2010-10-31,10,49,0.30071428571428566,0.25930612244897955,0.0,0.0,0.0,0.0
Ridge,2010-09-30,2010-10-31,20,49,0.30071428571428566,0.25930612244897955,0.05,0.0,0.02564102564102564,0.0
Ridge,2010-09-30,2010-10-31,40,49,0.30071428571428566,0.25930612244897955,0.025,0.0,0.012658227848101266,0.0
Ridge,2010-10-31,2010-11-30,10,37,0.45661450924608815,0.1891891891891892,0.0,0.0,0.0,0.0
Ridge,2010-10-31,2010-11-30,20,37,0.45661450924608815,0.1891891891891892,0.0,0.05,0.0,0.02564102564102564
Ridge,2010-10-31,2010-11-30,40,37,0.45661450924608815,0.1891891891891892,0.0,0.05,0.0,0.02564102564102564
Ridge,2010-11-30,2010-12-31,10,32,0.6195014662756597,0.2008125,0.0,0.0,0.0,0.0
Ridge,2010-11-30,2010-12-31,20,32,0.6195014662756597,0.2008125,0.0,0.0,0.0,0.0
Ridge,2010-11-30,2010-12-31,40,32,0.6195014662756597,0.2008125,0.025,0.05,0.012658227848101266,0.02564102564102564
Ridge,2010-12-31,2011-01-31,10,45,0.4446640316205533,0.24311111111111114,0.0,0.0,0.0,0.0
Ridge,2010-12-31,2011-01-31,20,45,0.4446640316205533,0.24311111111111114,0.0,0.0,0.0,0.0
Ridge,2010-12-31,2011-01-31,40,45,0.4446640316205533,0.24311111111111114,0.025,0.025,0.012658227848101266,0.012658227848101266
Ridge,2011-01-31,2011-02-28,10,48,0.46016066000868433,0.250125,0.0,0.0,0.0,0.0
Ridge,2011-01-31,2011-02-28,20,48,0.46016066000868433,0.250125,0.0,0.05,0.0,0.02564102564102564
Ridge,2011-01-31,2011-02-28,40,48,0.46016066000868433,0.250125,0.05,0.1,0.02564102564102564,0.05263157894736842
Ridge,2011-02-28,2011-03-31,10,48,0.6039947894051237,0.20595833333333333,0.0,0.0,0.0,0.0
Ridge,2011-02-28,2011-03-31,20,48,0.6039947894051237,0.20595833333333333,0.0,0.0,0.0,0.0
Ridge,2011-02-28,2011-03-31,40,48,0.6039947894051237,0.20595833333333333,0.05,0.025,0.02564102564102564,0.012658227848101266
Ridge,2011-03-31,2011-04-30,10,40,0.5056285178236398,0.21454999999999996,0.0,0.0,0.0,0.0
Ridge,2011-03-31,2011-04-30,20,40,0.5056285178236398,0.21454999999999996,0.05,0.0,0.02564102564102564,0.0
Ridge,2011-03-31,2011-04-30,40,40,0.5056285178236398,0.21454999999999996,0.025,0.0,0.012658227848101266,0.0
Ridge,2011-04-30,2011-05-31,10,48,0.40403821102909243,0.2333333333333333,0.0,0.0,0.0,0.0
Ridge,2011-04-30,2011-05-31,20,48,0.40403821102909243,0.2333333333333333,0.0,0.0,0.0,0.0
Ridge,2011-04-30,2011-05-31,40,48,0.40403821102909243,0.2333333333333333,0.0,0.0,0.0,0.0
Ridge,2011-05-31,2011-06-30,10,36,0.5541827541827542,0.20022222222222222,0.0,0.0,0.0,0.0
Ridge,2011-05-31,2011-06-30,20,36,0.5541827541827542,0.20022222222222222,0.05,0.0,0.02564102564102564,0.0
Ridge,2011-05-31,2011-06-30,40,36,0.5541827541827542,0.20022222222222222,0.075,0.05,0.03896103896103896,0.02564102564102564
Ridge,2011-06-30,2011-07-31,10,51,0.6162895927601809,0.18827450980392157,0.0,0.0,0.0,0.0
Ridge,2011-06-30,2011-07-31,20,51,0.6162895927601809,0.18827450980392157,0.0,0.05,0.0,0.02564102564102564
Ridge,2011-06-30,2011-07-31,40,51,0.6162895927601809,0.18827450980392157,0.0,0.025,0.0,0.012658227848101266
Ridge,2011-07-31,2011-08-31,10,36,0.6885456885456886,0.17422222222222217,0.0,0.1,0.0,0.05263157894736842
Ridge,2011-07-31,2011-08-31,20,36,0.6885456885456886,0.17422222222222217,0.0,0.1,0.0,0.05263157894736842
Ridge,2011-07-31,2011-08-31,40,36,0.6885456885456886,0.17422222222222217,0.025,0.075,0.012658227848101266,0.03896103896103896
Ridge,2011-08-31,2011-09-30,10,44,0.6494714587737843,0.2086818181818182,0.0,0.0,0.0,0.0
Ridge,2011-08-31,2011-09-30,20,44,0.6494714587737843,0.2086818181818182,0.1,0.0,0.05263157894736842,0.0
Ridge,2011-08-31,2011-09-30,40,44,0.6494714587737843,0.2086818181818182,0.075,0.075,0.03896103896103896,0.03896103896103896
Ridge,2011-09-30,2011-10-31,10,39,0.42773279352226723,0.23625641025641025,0.0,0.0,0.0,0.0
Ridge,2011-09-30,2011-10-31,20,39,0.42773279352226723,0.23625641025641025,0.0,0.0,0.0,0.0
Ridge,2011-09-30,2011-10-31,40,39,0.42773279352226723,0.23625641025641025,0.0,0.0,0.0,0.0
Ridge,2011-10-31,2011-11-30,10,44,0.3689922480620155,0.25972727272727275,0.1,0.0,0.05263157894736842,0.0
Ridge,2011-10-31,2011-11-30,20,44,0.3689922480620155,0.25972727272727275,0.05,0.05,0.02564102564102564,0.02564102564102564
Ridge,2011-10-31,2011-11-30,40,44,0.3689922480620155,0.25972727272727275,0.075,0.025,0.03896103896103896,0.012658227848101266
Ridge,2011-11-30,2011-12-31,10,44,0.6483439041578577,0.1983636363636364,0.1,0.0,0.05263157894736842,0.0
Ridge,2011-11-30,2011-12-31,20,44,0.6483439041578577,0.1983636363636364,0.05,0.0,0.02564102564102564,0.0
Ridge,2011-11-30,2011-12-31,40,44,0.6483439041578577,0.1983636363636364,0.05,0.0,0.02564102564102564,0.0
Ridge,2011-12-31,2012-01-31,10,38,0.3627311522048364,0.26215789473684215,0.0,0.0,0.0,0.0
Ridge,2011-12-31,2012-01-31,20,38,0.3627311522048364,0.26215789473684215,0.0,0.0,0.0,0.0
Ridge,2011-12-31,2012-01-31,40,38,0.3627311522048364,0.26215789473684215,0.05,0.0,0.02564102564102564,0.0
Ridge,2012-01-31,2012-02-29,10,42,0.16117008346163197,0.2933809523809524,0.0,0.0,0.0,0.0
Ridge,2012-01-31,2012-02-29,20,42,0.16117008346163197,0.2933809523809524,0.0,0.05,0.0,0.02564102564102564
Ridge,2012-01-31,2012-02-29,40,42,0.16117008346163197,0.2933809523809524,0.0,0.025,0.0,0.012658227848101266
Ridge,2012-02-29,2012-03-31,10,51,0.7473303167420814,0.148078431372549,0.0,0.1,0.0,0.05263157894736842
Ridge,2012-02-29,2012-03-31,20,51,0.7473303167420814,0.148078431372549,0.0,0.15,0.0,0.08108108108108109
Ridge,2012-02-29,2012-03-31,40,51,0.7473303167420814,0.148078431372549,0.0,0.15,0.0,0.08108108108108109
Ridge,2012-03-31,2012-04-30,10,29,0.6009852216748767,0.2150344827586207,0.0,0.0,0.0,0.0
Ridge,2012-03-31,2012-04-30,20,29,0.6009852216748767,0.2150344827586207,0.0,0.05,0.0,0.02564102564102564
Ridge,2012-03-31,2012-04-30,40,29,0.6009852216748767,0.2150344827586207,0.0,0.025,0.0,0.012658227848101266
Ridge,2012-04-30,2012-05-31,10,49,0.4012244897959183,0.2755918367346939,0.0,0.0,0.0,0.0
Ridge,2012-04-30,2012-05-31,20,49,0.4012244897959183,0.2755918367346939,0.05,0.0,0.02564102564102564,0.0
Ridge,2012-04-30,2012-05-31,40,49,0.4012244897959183,0.2755918367346939,0.05,0.0,0.02564102564102564,0.0
Ridge,2012-05-31,2012-06-30,10,47,0.4679694727104533,0.2177872340425532,0.0,0.0,0.0,0.0
Ridge,2012-05-31,2012-06-30,20,47,0.4679694727104533,0.2177872340425532,0.05,0.0,0.02564102564102564,0.0
Ridge,2012-05-31,2012-06-30,40,47,0.4679694727104533,0.2177872340425532,0.025,0.05,0.012658227848101266,0.02564102564102564
Ridge,2012-06-30,2012-07-31,10,38,0.13229018492176386,0.3018421052631579,0.0,0.0,0.0,0.0
Ridge,2012-06-30,2012-07-31,20,38,0.13229018492176386,0.3018421052631579,0.05,0.0,0.02564102564102564,0.0
Ridge,2012-06-30,2012-07-31,40,38,0.13229018492176386,0.3018421052631579,0.025,0.0,0.012658227848101266,0.0
Ridge,2012-07-31,2012-08-31,10,39,0.5621457489878543,0.20651282051282047,0.0,0.0,0.0,0.0
Ridge,2012-07-31,2012-08-31,20,39,0.5621457489878543,0.20651282051282047,0.0,0.0,0.0,0.0
Ridge,2012-07-31,2012-08-31,40,39,0.5621457489878543,0.20651282051282047,0.025,0.0,0.012658227848101266,0.0
Ridge,2012-08-31,2012-09-30,10,56,0.5289131920710868,0.21453571428571427,0.1,0.0,0.05263157894736842,0.0
Ridge,2012-08-31,2012-09-30,20,56,0.5289131920710868,0.21453571428571427,0.05,0.0,0.02564102564102564,0.0
Ridge,2012-08-31,2012-09-30,40,56,0.5289131920710868,0.21453571428571427,0.05,0.0,0.02564102564102564,0.0
Ridge,2012-09-30,2012-10-31,10,46,0.677459142769041,0.1938260869565217,0.0,0.1,0.0,0.05263157894736842
Ridge,2012-09-30,2012-10-31,20,46,0.677459142769041,0.1938260869565217,0.05,0.05,0.02564102564102564,0.02564102564102564
Ridge,2012-09-30,2012-10-31,40,46,0.677459142769041,0.1938260869565217,0.025,0.075,0.012658227848101266,0.03896103896103896
Ridge,2012-10-31,2012-11-30,10,37,0.5448079658605973,0.21810810810810807,0.0,0.0,0.0,0.0
Ridge,2012-10-31,2012-11-30,20,37,0.5448079658605973,0.21810810810810807,0.05,0.0,0.02564102564102564,0.0
Ridge,2012-10-31,2012-11-30,40,37,0.5448079658605973,0.21810810810810807,0.025,0.0,0.012658227848101266,0.0
Ridge,2012-11-30,2012-12-31,10,59,0.4468731735827002,0.236,0.0,0.1,0.0,0.05263157894736842
Ridge,2012-11-30,2012-12-31,20,59,0.4468731735827002,0.236,0.1,0.05,0.05263157894736842,0.02564102564102564
Ridge,2012-11-30,2012-12-31,40,59,0.4468731735827002,0.236,0.05,0.025,0.02564102564102564,0.012658227848101266
Ridge,2012-12-31,2013-01-31,10,48,0.5631784628745115,0.19991666666666671,0.0,0.0,0.0,0.0
Ridge,2012-12-31,2013-01-31,20,48,0.5631784628745115,0.19991666666666671,0.0,0.0,0.0,0.0
Ridge,2012-12-31,2013-01-31,40,48,0.5631784628745115,0.19991666666666671,0.0,0.025,0.0,0.012658227848101266
Ridge,2013-01-31,2013-02-28,10,61,0.39687995769434153,0.23108196721311478,0.0,0.0,0.0,0.0
Ridge,2013-01-31,2013-02-28,20,61,0.39687995769434153,0.23108196721311478,0.0,0.05,0.0,0.02564102564102564
Ridge,2013-01-31,2013-02-28,40,61,0.39687995769434153,0.23108196721311478,0.0,0.05,0.0,0.02564102564102564
Ridge,2013-02-28,2013-03-31,10,61,0.474246430460074,0.2497049180327869,0.0,0.0,0.0,0.0
Ridge,2013-02-28,2013-03-31,20,61,0.474246430460074,0.2497049180327869,0.0,0.0,0.0,0.0
Ridge,2013-02-28,2013-03-31,40,61,0.474246430460074,0.2497049180327869,0.05,0.0,0.02564102564102564,0.0
Ridge,2013-03-31,2013-04-30,10,37,0.3556187766714082,0.21702702702702706,0.0,0.0,0.0,0.0
Ridge,2013-03-31,2013-04-30,20,37,0.3556187766714082,0.21702702702702706,0.0,0.0,0.0,0.0
Ridge,2013-03-31,2013-04-30,40,37,0.3556187766714082,0.21702702702702706,0.0,0.0,0.0,0.0
Ridge,2013-04-30,2013-05-31,10,58,0.5026608016241657,0.24827586206896549,0.0,0.1,0.0,0.05263157894736842
Ridge,2013-04-30,2013-05-31,20,58,0.5026608016241657,0.24827586206896549,0.0,0.05,0.0,0.02564102564102564
Ridge,2013-04-30,2013-05-31,40,58,0.5026608016241657,0.24827586206896549,0.05,0.025,0.02564102564102564,0.012658227848101266
Ridge,2013-05-31,2013-06-30,10,50,0.46362545018007206,0.23803999999999997,0.0,0.0,0.0,0.0
Ridge,2013-05-31,2013-06-30,20,50,0.46362545018007206,0.23803999999999997,0.0,0.05,0.0,0.02564102564102564
Ridge,2013-05-31,2013-06-30,40,50,0.46362545018007206,0.23803999999999997,0.0,0.05,0.0,0.02564102564102564
Ridge,2013-06-30,2013-07-31,10,54,0.4138364779874214,0.238962962962963,0.0,0.0,0.0,0.0
Ridge,2013-06-30,2013-07-31,20,54,0.4138364779874214,0.238962962962963,0.1,0.0,0.05263157894736842,0.0
Ridge,2013-06-30,2013-07-31,40,54,0.4138364779874214,0.238962962962963,0.05,0.1,0.02564102564102564,0.05263157894736842
Ridge,2013-07-31,2013-08-31,10,41,0.5367595818815332,0.20941463414634148,0.0,0.0,0.0,0.0
Ridge,2013-07-31,2013-08-31,20,41,0.5367595818815332,0.20941463414634148,0.0,0.0,0.0,0.0
Ridge,2013-07-31,2013-08-31,40,41,0.5367595818815332,0.20941463414634148,0.0,0.0,0.0,0.0
Ridge,2013-08-31,2013-09-30,10,58,0.5346519425389893,0.22637931034482756,0.0,0.2,0.0,0.1111111111111111
Ridge,2013-08-31,2013-09-30,20,58,0.5346519425389893,0.22637931034482756,0.0,0.15,0.0,0.08108108108108109
Ridge,2013-08-31,2013-09-30,40,58,0.5346519425389893,0.22637931034482756,0.025,0.1,0.012658227848101266,0.05263157894736842
Ridge,2013-09-30,2013-10-31,10,50,0.538343337334934,0.20875999999999997,0.0,0.0,0.0,0.0
Ridge,2013-09-30,2013-10-31,20,50,0.538343337334934,0.20875999999999997,0.0,0.0,0.0,0.0
Ridge,2013-09-30,2013-10-31,40,50,0.538343337334934,0.20875999999999997,0.025,0.05,0.012658227848101266,0.02564102564102564
Ridge,2013-10-31,2013-11-30,10,37,0.6294452347083926,0.2089189189189189,0.1,0.0,0.05263157894736842,0.0
Ridge,2013-10-31,2013-11-30,20,37,0.6294452347083926,0.2089189189189189,0.05,0.0,0.02564102564102564,0.0
Ridge,2013-10-31,2013-11-30,40,37,0.6294452347083926,0.2089189189189189,0.025,0.0,0.012658227848101266,0.0
Ridge,2013-11-30,2013-12-31,10,41,0.5923344947735192,0.2268292682926829,0.0,0.0,0.0,0.0
Ridge,2013-11-30,2013-12-31,20,41,0.5923344947735192,0.2268292682926829,0.0,0.0,0.0,0.0
Ridge,2013-11-30,2013-12-31,40,41,0.5923344947735192,0.2268292682926829,0.025,0.025,0.012658227848101266,0.012658227848101266
Ridge,2013-12-31,2014-01-31,10,42,0.606676930556681,0.20309523809523813,0.0,0.1,0.0,0.05263157894736842
Ridge,2013-12-31,2014-01-31,20,42,0.606676930556681,0.20309523809523813,0.0,0.1,0.0,0.05263157894736842
Ridge,2013-12-31,2014-01-31,40,42,0.606676930556681,0.20309523809523813,0.0,0.05,0.0,0.02564102564102564
Ridge,2014-01-31,2014-02-28,10,39,0.6080971659919029,0.216,0.0,0.0,0.0,0.0
Ridge,2014-01-31,2014-02-28,20,39,0.6080971659919029,0.216,0.0,0.0,0.0,0.0
Ridge,2014-01-31,2014-02-28,40,39,0.6080971659919029,0.216,0.05,0.05,0.02564102564102564,0.02564102564102564
Ridge,2014-02-28,2014-03-31,10,55,0.7045454545454546,0.1544,0.0,0.0,0.0,0.0
Ridge,2014-02-28,2014-03-31,20,55,0.7045454545454546,0.1544,0.0,0.0,0.0,0.0
Ridge,2014-02-28,2014-03-31,40,55,0.7045454545454546,0.1544,0.05,0.025,0.02564102564102564,0.012658227848101266
Ridge,2014-03-31,2014-04-30,10,51,0.4390045248868778,0.24501960784313725,0.0,0.0,0.0,0.0
Ridge,2014-03-31,2014-04-30,20,51,0.4390045248868778,0.24501960784313725,0.0,0.0,0.0,0.0
Ridge,2014-03-31,2014-04-30,40,51,0.4390045248868778,0.24501960784313725,0.025,0.025,0.012658227848101266,0.012658227848101266
Ridge,2014-04-30,2014-05-31,10,53,0.4800032252862441,0.22464150943396227,0.0,0.0,0.0,0.0
Ridge,2014-04-30,2014-05-31,20,53,0.4800032252862441,0.22464150943396227,0.0,0.05,0.0,0.02564102564102564
Ridge,2014-04-30,2014-05-31,40,53,0.4800032252862441,0.22464150943396227,0.0,0.025,0.0,0.012658227848101266
Ridge,2014-05-31,2014-06-30,10,47,0.47722016651248844,0.2337446808510638,0.0,0.0,0.0,0.0
Ridge,2014-05-31,2014-06-30,20,47,0.47722016651248844,0.2337446808510638,0.05,0.05,0.02564102564102564,0.02564102564102564
Ridge,2014-05-31,2014-06-30,40,47,0.47722016651248844,0.2337446808510638,0.025,0.05,0.012658227848101266,0.02564102564102564
Ridge,2014-06-30,2014-07-31,10,47,0.500809435707678,0.21442553191489358,0.0,0.1,0.0,0.05263157894736842
Ridge,2014-06-30,2014-07-31,20,47,0.500809435707678,0.21442553191489358,0.05,0.05,0.02564102564102564,0.02564102564102564
Ridge,2014-06-30,2014-07-31,40,47,0.500809435707678,0.21442553191489358,0.025,0.025,0.012658227848101266,0.012658227848101266
Ridge,2014-07-31,2014-08-31,10,52,0.3502945445231793,0.2871153846153846,0.1,0.0,0.05263157894736842,0.0
Ridge,2014-07-31,2014-08-31,20,52,0.3502945445231793,0.2871153846153846,0.05,0.0,0.02564102564102564,0.0
Ridge,2014-07-31,2014-08-31,40,52,0.3502945445231793,0.2871153846153846,0.075,0.025,0.03896103896103896,0.012658227848101266
Ridge,2014-08-31,2014-09-30,10,45,0.5445322793148879,0.2202666666666667,0.1,0.0,0.05263157894736842,0.0
Ridge,2014-08-31,2014-09-30,20,45,0.5445322793148879,0.2202666666666667,0.1,0.0,0.05263157894736842,0.0
Ridge,2014-08-31,2014-09-30,40,45,0.5445322793148879,0.2202666666666667,0.05,0.025,0.02564102564102564,0.012658227848101266
Ridge,2014-09-30,2014-10-31,10,53,0.48371230446702146,0.24203773584905658,0.0,0.0,0.0,0.0
Ridge,2014-09-30,2014-10-31,20,53,0.48371230446702146,0.24203773584905658,0.0,0.0,0.0,0.0
Ridge,2014-09-30,2014-10-31,40,53,0.48371230446702146,0.24203773584905658,0.0,0.025,0.0,0.012658227848101266
Ridge,2014-10-31,2014-11-30,10,41,0.537282229965157,0.2162439024390244,0.0,0.0,0.0,0.0
Ridge,2014-10-31,2014-11-30,20,41,0.537282229965157,0.2162439024390244,0.0,0.0,0.0,0.0
Ridge,2014-10-31,2014-11-30,40,41,0.537282229965157,0.2162439024390244,0.0,0.0,0.0,0.0
Ridge,2014-11-30,2014-12-31,10,40,0.3088180112570357,0.23889999999999997,0.0,0.0,0.0,0.0
Ridge,2014-11-30,2014-12-31,20,40,0.3088180112570357,0.23889999999999997,0.0,0.0,0.0,0.0
Ridge,2014-11-30,2014-12-31,40,40,0.3088180112570357,0.23889999999999997,0.025,0.0,0.012658227848101266,0.0
Ridge,2014-12-31,2015-01-31,10,45,0.47694334650856385,0.2293777777777777,0.0,0.0,0.0,0.0
Ridge,2014-12-31,2015-01-31,20,45,0.47694334650856385,0.2293777777777777,0.0,0.0,0.0,0.0
Ridge,2014-12-31,2015-01-31,40,45,0.47694334650856385,0.2293777777777777,0.025,0.05,0.012658227848101266,0.02564102564102564
Ridge,2015-01-31,2015-02-28,10,43,0.33811537299909394,0.27013953488372094,0.0,0.0,0.0,0.0
Ridge,2015-01-31,2015-02-28,20,43,0.33811537299909394,0.27013953488372094,0.0,0.0,0.0,0.0
Ridge,2015-01-31,2015-02-28,40,43,0.33811537299909394,0.27013953488372094,0.0,0.0,0.0,0.0
Ridge,2015-02-28,2015-03-31,10,42,0.4805931448018799,0.22480952380952382,0.0,0.0,0.0,0.0
Ridge,2015-02-28,2015-03-31,20,42,0.4805931448018799,0.22480952380952382,0.0,0.0,0.0,0.0
Ridge,2015-02-28,2015-03-31,40,42,0.4805931448018799,0.22480952380952382,0.0,0.0,0.0,0.0
Ridge,2015-03-31,2015-04-30,10,51,0.41819004524886877,0.21462745098039218,0.0,0.0,0.0,0.0
Ridge,2015-03-31,2015-04-30,20,51,0.41819004524886877,0.21462745098039218,0.05,0.0,0.02564102564102564,0.0
Ridge,2015-03-31,2015-04-30,40,51,0.41819004524886877,0.21462745098039218,0.025,0.0,0.012658227848101266,0.0
Ridge,2015-04-30,2015-05-31,10,40,0.4904315196998124,0.23889999999999997,0.0,0.1,0.0,0.05263157894736842
Ridge,2015-04-30,2015-05-31,20,40,0.4904315196998124,0.23889999999999997,0.0,0.05,0.0,0.02564102564102564
Ridge,2015-04-30,2015-05-31,40,40,0.4904315196998124,0.23889999999999997,0.0,0.025,0.0,0.012658227848101266
Ridge,2015-05-31,2015-06-30,10,52,0.6531204644412192,0.19415384615384615,0.0,0.1,0.0,0.05263157894736842
Ridge,2015-05-31,2015-06-30,20,52,0.6531204644412192,0.19415384615384615,0.05,0.05,0.02564102564102564,0.02564102564102564
Ridge,2015-05-31,2015-06-30,40,52,0.6531204644412192,0.19415384615384615,0.05,0.025,0.02564102564102564,0.012658227848101266
Ridge,2015-06-30,2015-07-31,10,54,0.4226796264532113,0.21574074074074076,0.0,0.0,0.0,0.0
Ridge,2015-06-30,2015-07-31,20,54,0.4226796264532113,0.21574074074074076,0.0,0.1,0.0,0.05263157894736842
Ridge,2015-06-30,2015-07-31,40,54,0.4226796264532113,0.21574074074074076,0.0,0.05,0.0,0.02564102564102564
Ridge,2015-07-31,2015-08-31,10,37,0.665244191559981,0.21205405405405406,0.0,0.1,0.0,0.05263157894736842
Ridge,2015-07-31,2015-08-31,20,37,0.665244191559981,0.21205405405405406,0.05,0.05,0.02564102564102564,0.02564102564102564
Ridge,2015-07-31,2015-08-31,40,37,0.665244191559981,0.21205405405405406,0.025,0.025,0.012658227848101266,0.012658227848101266
Ridge,2015-08-31,2015-09-30,10,52,0.537266285323999,0.2117692307692307,0.0,0.1,0.0,0.05263157894736842
Ridge,2015-08-31,2015-09-30,20,52,0.537266285323999,0.2117692307692307,0.05,0.05,0.02564102564102564,0.02564102564102564
Ridge,2015-08-31,2015-09-30,40,52,0.537266285323999,0.2117692307692307,0.075,0.025,0.03896103896103896,0.012658227848101266
Ridge,2015-09-30,2015-10-31,10,42,0.5121951219512196,0.19628571428571423,0.0,0.0,0.0,0.0
Ridge,2015-09-30,2015-10-31,20,42,0.5121951219512196,0.19628571428571423,0.0,0.0,0.0,0.0
Ridge,2015-09-30,2015-10-31,40,42,0.5121951219512196,0.19628571428571423,0.0,0.0,0.0,0.0
Ridge,2015-10-31,2015-11-30,10,40,0.250093808630394,0.29235,0.0,0.0,0.0,0.0
Ridge,2015-10-31,2015-11-30,20,40,0.250093808630394,0.29235,0.0,0.0,0.0,0.0
Ridge,2015-10-31,2015-11-30,40,40,0.250093808630394,0.29235,0.0,0.025,0.0,0.012658227848101266
Ridge,2015-11-30,2015-12-31,10,41,0.5364111498257841,0.2233170731707317,0.0,0.0,0.0,0.0
Ridge,2015-11-30,2015-12-31,20,41,0.5364111498257841,0.2233170731707317,0.0,0.05,0.0,0.02564102564102564
Ridge,2015-11-30,2015-12-31,40,41,0.5364111498257841,0.2233170731707317,0.0,0.025,0.0,0.012658227848101266
Ridge,2015-12-31,2016-01-31,10,31,0.5560483870967743,0.18948387096774194,0.0,0.0,0.0,0.0
Ridge,2015-12-31,2016-01-31,20,31,0.5560483870967743,0.18948387096774194,0.05,0.0,0.02564102564102564,0.0
Ridge,2015-12-31,2016-01-31,40,31,0.5560483870967743,0.18948387096774194,0.025,0.0,0.012658227848101266,0.0
Ridge,2016-01-31,2016-02-29,10,51,0.389683257918552,0.2514509803921569,0.1,0.0,0.05263157894736842,0.0
Ridge,2016-01-31,2016-02-29,20,51,0.389683257918552,0.2514509803921569,0.05,0.05,0.02564102564102564,0.02564102564102564
Ridge,2016-01-31,2016-02-29,40,51,0.389683257918552,0.2514509803921569,0.05,0.025,0.02564102564102564,0.012658227848101266
Ridge,2016-02-29,2016-03-31,10,47,0.47386679000925075,0.2573617021276595,0.0,0.1,0.0,0.05263157894736842
Ridge,2016-02-29,2016-03-31,20,47,0.47386679000925075,0.2573617021276595,0.0,0.1,0.0,0.05263157894736842
Ridge,2016-02-29,2016-03-31,40,47,0.47386679000925075,0.2573617021276595,0.05,0.075,0.02564102564102564,0.03896103896103896
Ridge,2016-03-31,2016-04-30,10,41,0.5611498257839722,0.22619512195121955,0.0,0.0,0.0,0.0
Ridge,2016-03-31,2016-04-30,20,41,0.5611498257839722,0.22619512195121955,0.05,0.05,0.02564102564102564,0.02564102564102564
Ridge,2016-03-31,2016-04-30,40,41,0.5611498257839722,0.22619512195121955,0.075,0.025,0.03896103896103896,0.012658227848101266
Ridge,2016-04-30,2016-05-31,10,51,0.45248868778280543,0.24007843137254903,0.0,0.0,0.0,0.0
Ridge,2016-04-30,2016-05-31,20,51,0.45248868778280543,0.24007843137254903,0.0,0.0,0.0,0.0
Ridge,2016-04-30,2016-05-31,40,51,0.45248868778280543,0.24007843137254903,0.0,0.025,0.0,0.012658227848101266
Ridge,2016-05-31,2016-06-30,10,53,0.5695049185615223,0.20641509433962266,0.0,0.0,0.0,0.0
Ridge,2016-05-31,2016-06-30,20,53,0.5695049185615223,0.20641509433962266,0.0,0.05,0.0,0.02564102564102564
Ridge,2016-05-31,2016-06-30,40,53,0.5695049185615223,0.20641509433962266,0.0,0.075,0.0,0.03896103896103896
Ridge,2016-06-30,2016-07-31,10,51,0.5900452488687783,0.2033333333333334,0.0,0.0,0.0,0.0
Ridge,2016-06-30,2016-07-31,20,51,0.5900452488687783,0.2033333333333334,0.05,0.0,0.02564102564102564,0.0
Ridge,2016-06-30,2016-07-31,40,51,0.5900452488687783,0.2033333333333334,0.025,0.05,0.012658227848101266,0.02564102564102564
Ridge,2016-07-31,2016-08-31,10,49,0.586938775510204,0.21457142857142855,0.1,0.0,0.05263157894736842,0.0
Ridge,2016-07-31,2016-08-31,20,49,0.586938775510204,0.21457142857142855,0.05,0.0,0.02564102564102564,0.0
Ridge,2016-07-31,2016-08-31,40,49,0.586938775510204,0.21457142857142855,0.05,0.025,0.02564102564102564,0.012658227848101266
Ridge,2016-08-31,2016-09-30,10,49,0.7305102040816325,0.18763265306122448,0.0,0.0,0.0,0.0
Ridge,2016-08-31,2016-09-30,20,49,0.7305102040816325,0.18763265306122448,0.0,0.0,0.0,0.0
Ridge,2016-08-31,2016-09-30,40,49,0.7305102040816325,0.18763265306122448,0.025,0.0,0.012658227848101266,0.0
Ridge,2016-09-30,2016-10-31,10,48,0.5010855405992184,0.22166666666666668,0.0,0.0,0.0,0.0
Ridge,2016-09-30,2016-10-31,20,48,0.5010855405992184,0.22166666666666668,0.0,0.0,0.0,0.0
Ridge,2016-09-30,2016-10-31,40,48,0.5010855405992184,0.22166666666666668,0.025,0.025,0.012658227848101266,0.012658227848101266
Ridge,2016-10-31,2016-11-30,10,45,0.4940711462450592,0.1927111111111111,0.1,0.0,0.05263157894736842,0.0
Ridge,2016-10-31,2016-11-30,20,45,0.4940711462450592,0.1927111111111111,0.05,0.0,0.02564102564102564,0.0
Ridge,2016-10-31,2016-11-30,40,45,0.4940711462450592,0.1927111111111111,0.05,0.0,0.02564102564102564,0.0
Ridge,2016-11-30,2016-12-31,10,43,0.6177891875566294,0.17730232558139536,0.0,0.0,0.0,0.0
Ridge,2016-11-30,2016-12-31,20,43,0.6177891875566294,0.17730232558139536,0.0,0.05,0.0,0.02564102564102564
Ridge,2016-11-30,2016-12-31,40,43,0.6177891875566294,0.17730232558139536,0.0,0.025,0.0,0.012658227848101266
Ridge,2016-12-31,2017-01-31,10,60,0.33170325090302866,0.24950000000000003,0.0,0.0,0.0,0.0
Ridge,2016-12-31,2017-01-31,20,60,0.33170325090302866,0.24950000000000003,0.0,0.05,0.0,0.02564102564102564
Ridge,2016-12-31,2017-01-31,40,60,0.33170325090302866,0.24950000000000003,0.0,0.075,0.0,0.03896103896103896
Ridge,2017-01-31,2017-02-28,10,52,0.30683855545120803,0.2724615384615384,0.1,0.0,0.05263157894736842,0.0
Ridge,2017-01-31,2017-02-28,20,52,0.30683855545120803,0.2724615384615384,0.05,0.0,0.02564102564102564,0.0
Ridge,2017-01-31,2017-02-28,40,52,0.30683855545120803,0.2724615384615384,0.025,0.025,0.012658227848101266,0.012658227848101266
Ridge,2017-02-28,2017-03-31,10,48,0.7734476769431177,0.16166666666666665,0.0,0.1,0.0,0.05263157894736842
Ridge,2017-02-28,2017-03-31,20,48,0.7734476769431177,0.16166666666666665,0.05,0.05,0.02564102564102564,0.02564102564102564
Ridge,2017-02-28,2017-03-31,40,48,0.7734476769431177,0.16166666666666665,0.05,0.075,0.02564102564102564,0.03896103896103896
Ridge,2017-03-31,2017-04-30,10,50,0.4244417767106843,0.22884000000000002,0.0,0.0,0.0,0.0
Ridge,2017-03-31,2017-04-30,20,50,0.4244417767106843,0.22884000000000002,0.0,0.1,0.0,0.05263157894736842
Ridge,2017-03-31,2017-04-30,40,50,0.4244417767106843,0.22884000000000002,0.025,0.075,0.012658227848101266,0.03896103896103896
Ridge,2017-04-30,2017-05-31,10,42,0.6428166275018232,0.18452380952380953,0.0,0.0,0.0,0.0
Ridge,2017-04-30,2017-05-31,20,42,0.6428166275018232,0.18452380952380953,0.0,0.0,0.0,0.0
Ridge,2017-04-30,2017-05-31,40,42,0.6428166275018232,0.18452380952380953,0.025,0.025,0.012658227848101266,0.012658227848101266
Ridge,2017-05-31,2017-06-30,10,46,0.3994449583718779,0.254,0.0,0.0,0.0,0.0
Ridge,2017-05-31,2017-06-30,20,46,0.3994449583718779,0.254,0.0,0.0,0.0,0.0
Ridge,2017-05-31,2017-06-30,40,46,0.3994449583718779,0.254,0.05,0.0,0.02564102564102564,0.0
Ridge,2017-06-30,2017-07-31,10,51,0.363710407239819,0.24831372549019612,0.1,0.0,0.05263157894736842,0.0
Ridge,2017-06-30,2017-07-31,20,51,0.363710407239819,0.24831372549019612,0.05,0.0,0.02564102564102564,0.0
Ridge,2017-06-30,2017-07-31,40,51,0.363710407239819,0.24831372549019612,0.025,0.05,0.012658227848101266,0.02564102564102564
Ridge,2017-07-31,2017-08-31,10,37,0.6239924134660976,0.18691891891891887,0.0,0.1,0.0,0.05263157894736842
Ridge,2017-07-31,2017-08-31,20,37,0.6239924134660976,0.18691891891891887,0.0,0.05,0.0,0.02564102564102564
Ridge,2017-07-31,2017-08-31,40,37,0.6239924134660976,0.18691891891891887,0.025,0.025,0.012658227848101266,0.012658227848101266
Ridge,2017-08-31,2017-09-30,10,41,0.7590592334494775,0.15239024390243902,0.0,0.0,0.0,0.0
Ridge,2017-08-31,2017-09-30,20,41,0.7590592334494775,0.15239024390243902,0.0,0.1,0.0,0.05263157894736842
Ridge,2017-08-31,2017-09-30,40,41,0.7590592334494775,0.15239024390243902,0.0,0.1,0.0,0.05263157894736842
Ridge,2017-09-30,2017-10-31,10,55,0.31709956709956716,0.2529090909090909,0.0,0.1,0.0,0.05263157894736842
Ridge,2017-09-30,2017-10-31,20,55,0.31709956709956716,0.2529090909090909,0.0,0.05,0.0,0.02564102564102564
Ridge,2017-09-30,2017-10-31,40,55,0.31709956709956716,0.2529090909090909,0.025,0.05,0.012658227848101266,0.02564102564102564
Ridge,2017-10-31,2017-11-30,10,47,0.47005087881591123,0.23536170212765956,0.0,0.0,0.0,0.0
Ridge,2017-10-31,2017-11-30,20,47,0.47005087881591123,0.23536170212765956,0.05,0.0,0.02564102564102564,0.0
Ridge,2017-10-31,2017-11-30,40,47,0.47005087881591123,0.23536170212765956,0.075,0.0,0.03896103896103896,0.0
Ridge,2017-11-30,2017-12-31,10,47,0.3495605920444034,0.25417021276595747,0.0,0.0,0.0,0.0
Ridge,2017-11-30,2017-12-31,20,47,0.3495605920444034,0.25417021276595747,0.0,0.05,0.0,0.02564102564102564
Ridge,2017-11-30,2017-12-31,40,47,0.3495605920444034,0.25417021276595747,0.0,0.025,0.0,0.012658227848101266
Ridge,2017-12-31,2018-01-31,10,60,0.5432620172270076,0.20639999999999997,0.0,0.0,0.0,0.0
Ridge,2017-12-31,2018-01-31,20,60,0.5432620172270076,0.20639999999999997,0.05,0.05,0.02564102564102564,0.02564102564102564
Ridge,2017-12-31,2018-01-31,40,60,0.5432620172270076,0.20639999999999997,0.05,0.075,0.02564102564102564,0.03896103896103896
Ridge,2018-01-31,2018-02-28,10,56,0.44976076555023925,0.25125000000000003,0.1,0.0,0.05263157894736842,0.0
Ridge,2018-01-31,2018-02-28,20,56,0.44976076555023925,0.25125000000000003,0.05,0.0,0.02564102564102564,0.0
Ridge,2018-01-31,2018-02-28,40,56,0.44976076555023925,0.25125000000000003,0.025,0.075,0.012658227848101266,0.03896103896103896
Ridge,2018-02-28,2018-03-31,10,49,0.45469387755102036,0.24236734693877549,0.1,0.0,0.05263157894736842,0.0
Ridge,2018-02-28,2018-03-31,20,49,0.45469387755102036,0.24236734693877549,0.05,0.05,0.02564102564102564,0.02564102564102564
Ridge,2018-02-28,2018-03-31,40,49,0.45469387755102036,0.24236734693877549,0.05,0.025,0.02564102564102564,0.012658227848101266
Ridge,2018-03-31,2018-04-30,10,45,0.5934123847167324,0.19448888888888893,0.0,0.0,0.0,0.0
Ridge,2018-03-31,2018-04-30,20,45,0.5934123847167324,0.19448888888888893,0.05,0.0,0.02564102564102564,0.0
Ridge,2018-03-31,2018-04-30,40,45,0.5934123847167324,0.19448888888888893,0.025,0.025,0.012658227848101266,0.012658227848101266
Ridge,2018-04-30,2018-05-31,10,52,0.2783232305984803,0.2546923076923077,0.0,0.0,0.0,0.0
Ridge,2018-04-30,2018-05-31,20,52,0.2783232305984803,0.2546923076923077,0.0,0.05,0.0,0.02564102564102564
Ridge,2018-04-30,2018-05-31,40,52,0.2783232305984803,0.2546923076923077,0.025,0.025,0.012658227848101266,0.012658227848101266
Ridge,2018-05-31,2018-06-30,10,52,0.38290788013318533,0.23026923076923078,0.0,0.0,0.0,0.0
Ridge,2018-05-31,2018-06-30,20,52,0.38290788013318533,0.23026923076923078,0.0,0.0,0.0,0.0
Ridge,2018-05-31,2018-06-30,40,52,0.38290788013318533,0.23026923076923078,0.025,0.025,0.012658227848101266,0.012658227848101266
Ridge,2018-06-30,2018-07-31,10,54,0.22744425385934816,0.29625925925925933,0.0,0.0,0.0,0.0
Ridge,2018-06-30,2018-07-31,20,54,0.22744425385934816,0.29625925925925933,0.0,0.05,0.0,0.02564102564102564
Ridge,2018-06-30,2018-07-31,40,54,0.22744425385934816,0.29625925925925933,0.025,0.025,0.012658227848101266,0.012658227848101266
Ridge,2018-07-31,2018-08-31,10,40,0.27786116322701687,0.24295,0.0,0.0,0.0,0.0
Ridge,2018-07-31,2018-08-31,20,40,0.27786116322701687,0.24295,0.0,0.0,0.0,0.0
Ridge,2018-07-31,2018-08-31,40,40,0.27786116322701687,0.24295,0.0,0.0,0.0,0.0
Ridge,2018-08-31,2018-09-30,10,51,0.49149321266968327,0.24388235294117644,0.0,0.0,0.0,0.0
Ridge,2018-08-31,2018-09-30,20,51,0.49149321266968327,0.24388235294117644,0.0,0.05,0.0,0.02564102564102564
Ridge,2018-08-31,2018-09-30,40,51,0.49149321266968327,0.24388235294117644,0.025,0.05,0.012658227848101266,0.02564102564102564
Ridge,2018-09-30,2018-10-31,10,46,0.5050262102991058,0.2215652173913044,0.0,0.0,0.0,0.0
Ridge,2018-09-30,2018-10-31,20,46,0.5050262102991058,0.2215652173913044,0.05,0.0,0.02564102564102564,0.0
Ridge,2018-09-30,2018-10-31,40,46,0.5050262102991058,0.2215652173913044,0.025,0.0,0.012658227848101266,0.0
Ridge,2018-10-31,2018-11-30,10,41,0.33989547038327533,0.2326829268292683,0.0,0.1,0.0,0.05263157894736842
Ridge,2018-10-31,2018-11-30,20,41,0.33989547038327533,0.2326829268292683,0.0,0.05,0.0,0.02564102564102564
Ridge,2018-10-31,2018-11-30,40,41,0.33989547038327533,0.2326829268292683,0.0,0.05,0.0,0.02564102564102564
Ridge,2018-11-30,2018-12-31,10,46,0.30656799259944495,0.25065217391304356,0.0,0.0,0.0,0.0
Ridge,2018-11-30,2018-12-31,20,46,0.30656799259944495,0.25065217391304356,0.0,0.0,0.0,0.0
Ridge,2018-11-30,2018-12-31,40,46,0.30656799259944495,0.25065217391304356,0.025,0.025,0.012658227848101266,0.012658227848101266
Ridge,2018-12-31,2019-01-31,10,44,0.3730796335447498,0.2525454545454545,0.0,0.0,0.0,0.0
Ridge,2018-12-31,2019-01-31,20,44,0.3730796335447498,0.2525454545454545,0.0,0.0,0.0,0.0
Ridge,2018-12-31,2019-01-31,40,44,0.3730796335447498,0.2525454545454545,0.075,0.0,0.03896103896103896,0.0
Ridge,2019-01-31,2019-02-28,10,50,0.4783193277310924,0.23384,0.0,0.1,0.0,0.05263157894736842
Ridge,2019-01-31,2019-02-28,20,50,0.4783193277310924,0.23384,0.0,0.05,0.0,0.02564102564102564
Ridge,2019-01-31,2019-02-28,40,50,0.4783193277310924,0.23384,0.0,0.05,0.0,0.02564102564102564
Ridge,2019-02-28,2019-03-31,10,57,0.5525667617319161,0.22196491228070178,0.0,0.0,0.0,0.0
Ridge,2019-02-28,2019-03-31,20,57,0.5525667617319161,0.22196491228070178,0.05,0.05,0.02564102564102564,0.02564102564102564
Ridge,2019-02-28,2019-03-31,40,57,0.5525667617319161,0.22196491228070178,0.05,0.025,0.02564102564102564,0.012658227848101266
Ridge,2019-03-31,2019-04-30,10,52,0.5260821309655938,0.2307307692307692,0.0,0.0,0.0,0.0
Ridge,2019-03-31,2019-04-30,20,52,0.5260821309655938,0.2307307692307692,0.0,0.0,0.0,0.0
Ridge,2019-03-31,2019-04-30,40,52,0.5260821309655938,0.2307307692307692,0.0,0.0,0.0,0.0
Ridge,2019-04-30,2019-05-31,10,46,0.3724329324699353,0.24330434782608693,0.0,0.1,0.0,0.05263157894736842
Ridge,2019-04-30,2019-05-31,20,46,0.3724329324699353,0.24330434782608693,0.0,0.05,0.0,0.02564102564102564
Ridge,2019-04-30,2019-05-31,40,46,0.3724329324699353,0.24330434782608693,0.0,0.075,0.0,0.03896103896103896
Ridge,2019-05-31,2019-06-30,10,45,0.5048748353096179,0.2325777777777778,0.0,0.1,0.0,0.05263157894736842
Ridge,2019-05-31,2019-06-30,20,45,0.5048748353096179,0.2325777777777778,0.0,0.05,0.0,0.02564102564102564
Ridge,2019-05-31,2019-06-30,40,45,0.5048748353096179,0.2325777777777778,0.0,0.075,0.0,0.03896103896103896
Ridge,2019-06-30,2019-07-31,10,50,0.2815366146458584,0.26272,0.0,0.0,0.0,0.0
Ridge,2019-06-30,2019-07-31,20,50,0.2815366146458584,0.26272,0.0,0.05,0.0,0.02564102564102564
Ridge,2019-06-30,2019-07-31,40,50,0.2815366146458584,0.26272,0.025,0.025,0.012658227848101266,0.012658227848101266
Ridge,2019-07-31,2019-08-31,10,42,0.4426707722226724,0.211047619047619,0.0,0.0,0.0,0.0
Ridge,2019-07-31,2019-08-31,20,42,0.4426707722226724,0.211047619047619,0.0,0.05,0.0,0.02564102564102564
Ridge,2019-07-31,2019-08-31,40,42,0.4426707722226724,0.211047619047619,0.025,0.025,0.012658227848101266,0.012658227848101266
Ridge,2019-08-31,2019-09-30,10,50,0.49896758703481386,0.21104,0.0,0.0,0.0,0.0
Ridge,2019-08-31,2019-09-30,20,50,0.49896758703481386,0.21104,0.05,0.0,0.02564102564102564,0.0
Ridge,2019-08-31,2019-09-30,40,50,0.49896758703481386,0.21104,0.05,0.0,0.02564102564102564,0.0
Ridge,2019-09-30,2019-10-31,10,39,0.472672064777328,0.2148717948717949,0.0,0.0,0.0,0.0
Ridge,2019-09-30,2019-10-31,20,39,0.472672064777328,0.2148717948717949,0.0,0.0,0.0,0.0
Ridge,2019-09-30,2019-10-31,40,39,0.472672064777328,0.2148717948717949,0.0,0.0,0.0,0.0
Ridge,2019-10-31,2019-11-30,10,41,0.5531358885017422,0.22951219512195123,0.0,0.0,0.0,0.0
Ridge,2019-10-31,2019-11-30,20,41,0.5531358885017422,0.22951219512195123,0.05,0.0,0.02564102564102564,0.0
Ridge,2019-10-31,2019-11-30,40,41,0.5531358885017422,0.22951219512195123,0.025,0.025,0.012658227848101266,0.012658227848101266
Ridge,2019-11-30,2019-12-31,10,36,0.3137709137709138,0.24094444444444443,0.0,0.0,0.0,0.0
Ridge,2019-11-30,2019-12-31,20,36,0.3137709137709138,0.24094444444444443,0.0,0.0,0.0,0.0
Ridge,2019-11-30,2019-12-31,40,36,0.3137709137709138,0.24094444444444443,0.0,0.0,0.0,0.0
Ridge,2019-12-31,2020-01-31,10,47,0.5136447733580018,0.21519148936170215,0.0,0.0,0.0,0.0
Ridge,2019-12-31,2020-01-31,20,47,0.5136447733580018,0.21519148936170215,0.0,0.05,0.0,0.02564102564102564
Ridge,2019-12-31,2020-01-31,40,47,0.5136447733580018,0.21519148936170215,0.025,0.05,0.012658227848101266,0.02564102564102564
Ridge,2020-01-31,2020-02-29,10,47,0.2924375578168363,0.24914893617021275,0.0,0.1,0.0,0.05263157894736842
Ridge,2020-01-31,2020-02-29,20,47,0.2924375578168363,0.24914893617021275,0.0,0.1,0.0,0.05263157894736842
Ridge,2020-01-31,2020-02-29,40,47,0.2924375578168363,0.24914893617021275,0.0,0.05,0.0,0.02564102564102564
Ridge,2020-02-29,2020-03-31,10,48,0.7477203647416413,0.17945833333333336,0.0,0.1,0.0,0.05263157894736842
Ridge,2020-02-29,2020-03-31,20,48,0.7477203647416413,0.17945833333333336,0.15,0.05,0.08108108108108109,0.02564102564102564
Ridge,2020-02-29,2020-03-31,40,48,0.7477203647416413,0.17945833333333336,0.075,0.1,0.03896103896103896,0.05263157894736842
Ridge,2020-03-31,2020-04-30,10,41,0.5400696864111499,0.22917073170731705,0.1,0.0,0.05263157894736842,0.0
Ridge,2020-03-31,2020-04-30,20,41,0.5400696864111499,0.22917073170731705,0.05,0.05,0.02564102564102564,0.02564102564102564
Ridge,2020-03-31,2020-04-30,40,41,0.5400696864111499,0.22917073170731705,0.025,0.025,0.012658227848101266,0.012658227848101266
Ridge,2020-04-30,2020-05-31,10,54,0.11576138745950064,0.31774074074074077,0.0,0.0,0.0,0.0
Ridge,2020-04-30,2020-05-31,20,54,0.11576138745950064,0.31774074074074077,0.0,0.1,0.0,0.05263157894736842
Ridge,2020-04-30,2020-05-31,40,54,0.11576138745950064,0.31774074074074077,0.0,0.05,0.0,0.02564102564102564
Ridge,2020-05-31,2020-06-30,10,43,0.5063424947145878,0.21279069767441858,0.0,0.0,0.0,0.0
Ridge,2020-05-31,2020-06-30,20,43,0.5063424947145878,0.21279069767441858,0.0,0.0,0.0,0.0
Ridge,2020-05-31,2020-06-30,40,43,0.5063424947145878,0.21279069767441858,0.0,0.05,0.0,0.02564102564102564
Ridge,2020-06-30,2020-07-31,10,48,0.44811115935736,0.22337500000000002,0.0,0.0,0.0,0.0
Ridge,2020-06-30,2020-07-31,20,48,0.44811115935736,0.22337500000000002,0.1,0.0,0.05263157894736842,0.0
Ridge,2020-06-30,2020-07-31,40,48,0.44811115935736,0.22337500000000002,0.075,0.025,0.03896103896103896,0.012658227848101266
Ridge,2020-07-31,2020-08-31,10,39,0.636842105263158,0.17266666666666666,0.1,0.0,0.05263157894736842,0.0
Ridge,2020-07-31,2020-08-31,20,39,0.636842105263158,0.17266666666666666,0.1,0.0,0.05263157894736842,0.0
Ridge,2020-07-31,2020-08-31,40,39,0.636842105263158,0.17266666666666666,0.075,0.0,0.03896103896103896,0.0
Ridge,2020-08-31,2020-09-30,10,39,0.47125506072874496,0.2041025641025641,0.2,0.0,0.1111111111111111,0.0
Ridge,2020-08-31,2020-09-30,20,39,0.47125506072874496,0.2041025641025641,0.1,0.0,0.05263157894736842,0.0
Ridge,2020-08-31,2020-09-30,40,39,0.47125506072874496,0.2041025641025641,0.05,0.0,0.02564102564102564,0.0
Ridge,2020-09-30,2020-10-31,10,46,0.5135368485969781,0.21243478260869567,0.1,0.0,0.05263157894736842,0.0
Ridge,2020-09-30,2020-10-31,20,46,0.5135368485969781,0.21243478260869567,0.05,0.0,0.02564102564102564,0.0
Ridge,2020-09-30,2020-10-31,40,46,0.5135368485969781,0.21243478260869567,0.025,0.0,0.012658227848101266,0.0
Ridge,2020-10-31,2020-11-30,10,35,0.4938375350140056,0.2316571428571428,0.0,0.0,0.0,0.0
Ridge,2020-10-31,2020-11-30,20,35,0.4938375350140056,0.2316571428571428,0.0,0.0,0.0,0.0
Ridge,2020-10-31,2020-11-30,40,35,0.4938375350140056,0.2316571428571428,0.075,0.025,0.03896103896103896,0.012658227848101266
Ridge,2020-11-30,2020-12-31,10,53,0.41348169650056443,0.23483018867924535,0.0,0.0,0.0,0.0
Ridge,2020-11-30,2020-12-31,20,53,0.41348169650056443,0.23483018867924535,0.0,0.0,0.0,0.0
Ridge,2020-11-30,2020-12-31,40,53,0.41348169650056443,0.23483018867924535,0.025,0.025,0.012658227848101266,0.012658227848101266
Ridge,2020-12-31,2021-01-31,10,46,0.48430465618254703,0.2038695652173913,0.0,0.0,0.0,0.0
Ridge,2020-12-31,2021-01-31,20,46,0.48430465618254703,0.2038695652173913,0.0,0.0,0.0,0.0
Ridge,2020-12-31,2021-01-31,40,46,0.48430465618254703,0.2038695652173913,0.0,0.025,0.0,0.012658227848101266
Ridge,2021-01-31,2021-02-28,10,40,0.3797373358348969,0.23625,0.0,0.0,0.0,0.0
Ridge,2021-01-31,2021-02-28,20,40,0.3797373358348969,0.23625,0.0,0.05,0.0,0.02564102564102564
Ridge,2021-01-31,2021-02-28,40,40,0.3797373358348969,0.23625,0.0,0.025,0.0,0.012658227848101266
Ridge,2021-02-28,2021-03-31,10,48,0.4210811984368215,0.2379166666666667,0.0,0.1,0.0,0.05263157894736842
Ridge,2021-02-28,2021-03-31,20,48,0.4210811984368215,0.2379166666666667,0.0,0.1,0.0,0.05263157894736842
Ridge,2021-02-28,2021-03-31,40,48,0.4210811984368215,0.2379166666666667,0.0,0.05,0.0,0.02564102564102564
Ridge,2021-03-31,2021-04-30,10,35,0.6201680672268908,0.21554285714285712,0.0,0.1,0.0,0.05263157894736842
Ridge,2021-03-31,2021-04-30,20,35,0.6201680672268908,0.21554285714285712,0.0,0.05,0.0,0.02564102564102564
Ridge,2021-03-31,2021-04-30,40,35,0.6201680672268908,0.21554285714285712,0.025,0.05,0.012658227848101266,0.02564102564102564
Ridge,2021-04-30,2021-05-31,10,53,0.5382196419932268,0.23041509433962265,0.1,0.0,0.05263157894736842,0.0
Ridge,2021-04-30,2021-05-31,20,53,0.5382196419932268,0.23041509433962265,0.05,0.0,0.02564102564102564,0.0
Ridge,2021-04-30,2021-05-31,40,53,0.5382196419932268,0.23041509433962265,0.075,0.05,0.03896103896103896,0.02564102564102564
Ridge,2021-05-31,2021-06-30,10,34,0.3414820473644003,0.2508823529411765,0.0,0.0,0.0,0.0
Ridge,2021-05-31,2021-06-30,20,34,0.3414820473644003,0.2508823529411765,0.0,0.0,0.0,0.0
Ridge,2021-05-31,2021-06-30,40,34,0.3414820473644003,0.2508823529411765,0.0,0.025,0.0,0.012658227848101266
Ridge,2021-06-30,2021-07-31,10,47,0.47236355226642,0.23868085106382977,0.0,0.0,0.0,0.0
Ridge,2021-06-30,2021-07-31,20,47,0.47236355226642,0.23868085106382977,0.0,0.0,0.0,0.0
Ridge,2021-06-30,2021-07-31,40,47,0.47236355226642,0.23868085106382977,0.05,0.025,0.02564102564102564,0.012658227848101266
Ridge,2021-07-31,2021-08-31,10,36,0.5963963963963964,0.20672222222222222,0.0,0.0,0.0,0.0
Ridge,2021-07-31,2021-08-31,20,36,0.5963963963963964,0.20672222222222222,0.05,0.05,0.02564102564102564,0.02564102564102564
Ridge,2021-07-31,2021-08-31,40,36,0.5963963963963964,0.20672222222222222,0.025,0.025,0.012658227848101266,0.012658227848101266
Ridge,2021-08-31,2021-09-30,10,49,0.5498979591836735,0.23012244897959183,0.2,0.0,0.1111111111111111,0.0
Ridge,2021-08-31,2021-09-30,20,49,0.5498979591836735,0.23012244897959183,0.1,0.0,0.05263157894736842,0.0
Ridge,2021-08-31,2021-09-30,40,49,0.5498979591836735,0.23012244897959183,0.075,0.025,0.03896103896103896,0.012658227848101266
Ridge,2021-09-30,2021-10-31,10,35,0.742577030812325,0.1748,0.0,0.2,0.0,0.1111111111111111
Ridge,2021-09-30,2021-10-31,20,35,0.742577030812325,0.1748,0.05,0.15,0.02564102564102564,0.08108108108108109
Ridge,2021-09-30,2021-10-31,40,35,0.742577030812325,0.1748,0.075,0.1,0.03896103896103896,0.05263157894736842
Ridge,2021-10-31,2021-11-30,10,35,0.3507002801120448,0.24691428571428575,0.0,0.0,0.0,0.0
Ridge,2021-10-31,2021-11-30,20,35,0.3507002801120448,0.24691428571428575,0.0,0.0,0.0,0.0
Ridge,2021-10-31,2021-11-30,40,35,0.3507002801120448,0.24691428571428575,0.0,0.025,0.0,0.012658227848101266
Ridge,2021-11-30,2021-12-31,10,41,0.7552264808362371,0.15395121951219512,0.0,0.0,0.0,0.0
Ridge,2021-11-30,2021-12-31,20,41,0.7552264808362371,0.15395121951219512,0.0,0.0,0.0,0.0
Ridge,2021-11-30,2021-12-31,40,41,0.7552264808362371,0.15395121951219512,0.025,0.0,0.012658227848101266,0.0
LightGBM,2010-02-28,2010-03-31,10,53,0.5094339622641508,0.22747169811320755,0.0,0.0,0.0,0.0
LightGBM,2010-02-28,2010-03-31,20,53,0.5094339622641508,0.22747169811320755,0.0,0.05,0.0,0.02564102564102564
LightGBM,2010-02-28,2010-03-31,40,53,0.5094339622641508,0.22747169811320755,0.0,0.05,0.0,0.02564102564102564
LightGBM,2010-03-31,2010-04-30,10,47,0.36019888991674376,0.2511914893617021,0.0,0.1,0.0,0.05263157894736842
LightGBM,2010-03-31,2010-04-30,20,47,0.36019888991674376,0.2511914893617021,0.0,0.05,0.0,0.02564102564102564
LightGBM,2010-03-31,2010-04-30,40,47,0.36019888991674376,0.2511914893617021,0.025,0.025,0.012658227848101266,0.012658227848101266
LightGBM,2010-04-30,2010-05-31,10,47,0.336840888066605,0.260468085106383,0.0,0.0,0.0,0.0
LightGBM,2010-04-30,2010-05-31,20,47,0.336840888066605,0.260468085106383,0.0,0.0,0.0,0.0
LightGBM,2010-04-30,2010-05-31,40,47,0.336840888066605,0.260468085106383,0.0,0.05,0.0,0.02564102564102564
LightGBM,2010-05-31,2010-06-30,10,40,0.40187617260787994,0.2581,0.0,0.1,0.0,0.05263157894736842
LightGBM,2010-05-31,2010-06-30,20,40,0.40187617260787994,0.2581,0.0,0.05,0.0,0.02564102564102564
LightGBM,2010-05-31,2010-06-30,40,40,0.40187617260787994,0.2581,0.025,0.025,0.012658227848101266,0.012658227848101266
LightGBM,2010-06-30,2010-07-31,10,46,-0.043478260869565216,0.3122608695652174,0.0,0.0,0.0,0.0
LightGBM,2010-06-30,2010-07-31,20,46,-0.043478260869565216,0.3122608695652174,0.0,0.0,0.0,0.0
LightGBM,2010-06-30,2010-07-31,40,46,-0.043478260869565216,0.3122608695652174,0.0,0.025,0.0,0.012658227848101266
LightGBM,2010-07-31,2010-08-31,10,55,-0.2833333333333334,0.37927272727272726,0.0,0.0,0.0,0.0
LightGBM,2010-07-31,2010-08-31,20,55,-0.2833333333333334,0.37927272727272726,0.0,0.05,0.0,0.02564102564102564
LightGBM,2010-07-31,2010-08-31,40,55,-0.2833333333333334,0.37927272727272726,0.0,0.025,0.0,0.012658227848101266
LightGBM,2010-08-31,2010-09-30,10,28,0.2857142857142857,0.2785,0.0,0.1,0.0,0.05263157894736842
LightGBM,2010-08-31,2010-09-30,20,28,0.2857142857142857,0.2785,0.0,0.05,0.0,0.02564102564102564
LightGBM,2010-08-31,2010-09-30,40,28,0.2857142857142857,0.2785,0.0,0.05,0.0,0.02564102564102564
LightGBM,2010-09-30,2010-10-31,10,49,0.17448979591836736,0.3239591836734694,0.0,0.0,0.0,0.0
LightGBM,2010-09-30,2010-10-31,20,49,0.17448979591836736,0.3239591836734694,0.0,0.0,0.0,0.0
LightGBM,2010-09-30,2010-10-31,40,49,0.17448979591836736,0.3239591836734694,0.0,0.025,0.0,0.012658227848101266
LightGBM,2010-10-31,2010-11-30,10,37,0.18421052631578946,0.28621621621621623,0.0,0.0,0.0,0.0
LightGBM,2010-10-31,2010-11-30,20,37,0.18421052631578946,0.28621621621621623,0.0,0.0,0.0,0.0
LightGBM,2010-10-31,2010-11-30,40,37,0.18421052631578946,0.28621621621621623,0.0,0.025,0.0,0.012658227848101266
LightGBM,2010-11-30,2010-12-31,10,32,0.12390029325513194,0.28031249999999996,0.0,0.0,0.0,0.0
LightGBM,2010-11-30,2010-12-31,20,32,0.12390029325513194,0.28031249999999996,0.05,0.0,0.02564102564102564,0.0
LightGBM,2010-11-30,2010-12-31,40,32,0.12390029325513194,0.28031249999999996,0.025,0.0,0.012658227848101266,0.0
LightGBM,2010-12-31,2011-01-31,10,45,-0.1577075098814229,0.3270666666666666,0.0,0.0,0.0,0.0
LightGBM,2010-12-31,2011-01-31,20,45,-0.1577075098814229,0.3270666666666666,0.05,0.0,0.02564102564102564,0.0
LightGBM,2010-12-31,2011-01-31,40,45,-0.1577075098814229,0.3270666666666666,0.05,0.0,0.02564102564102564,0.0
LightGBM,2011-01-31,2011-02-28,10,48,0.35779418150238823,0.25666666666666665,0.1,0.0,0.05263157894736842,0.0
LightGBM,2011-01-31,2011-02-28,20,48,0.35779418150238823,0.25666666666666665,0.1,0.0,0.05263157894736842,0.0
LightGBM,2011-01-31,2011-02-28,40,48,0.35779418150238823,0.25666666666666665,0.075,0.0,0.03896103896103896,0.0
LightGBM,2011-02-28,2011-03-31,10,48,0.4036039947894051,0.222375,0.0,0.0,0.0,0.0
LightGBM,2011-02-28,2011-03-31,20,48,0.4036039947894051,0.222375,0.0,0.0,0.0,0.0
LightGBM,2011-02-28,2011-03-31,40,48,0.4036039947894051,0.222375,0.05,0.0,0.02564102564102564,0.0
LightGBM,2011-03-31,2011-04-30,10,40,0.35572232645403384,0.2747,0.0,0.1,0.0,0.05263157894736842
LightGBM,2011-03-31,2011-04-30,20,40,0.35572232645403384,0.2747,0.0,0.05,0.0,0.02564102564102564
LightGBM,2011-03-31,2011-04-30,40,40,0.35572232645403384,0.2747,0.025,0.05,0.012658227848101266,0.02564102564102564
LightGBM,2011-04-30,2011-05-31,10,48,0.061224489795918366,0.3365,0.0,0.0,0.0,0.0
LightGBM,2011-04-30,2011-05-31,20,48,0.061224489795918366,0.3365,0.0,0.0,0.0,0.0
LightGBM,2011-04-30,2011-05-31,40,48,0.061224489795918366,0.3365,0.025,0.025,0.012658227848101266,0.012658227848101266
LightGBM,2011-05-31,2011-06-30,10,36,0.5987129987129988,0.21633333333333338,0.0,0.0,0.0,0.0
LightGBM,2011-05-31,2011-06-30,20,36,0.5987129987129988,0.21633333333333338,0.0,0.0,0.0,0.0
LightGBM,2011-05-31,2011-06-30,40,36,0.5987129987129988,0.21633333333333338,0.05,0.0,0.02564102564102564,0.0
LightGBM,2011-06-30,2011-07-31,10,51,0.6642533936651583,0.20239215686274512,0.0,0.0,0.0,0.0
LightGBM,2011-06-30,2011-07-31,20,51,0.6642533936651583,0.20239215686274512,0.0,0.0,0.0,0.0
LightGBM,2011-06-30,2011-07-31,40,51,0.6642533936651583,0.20239215686274512,0.05,0.0,0.02564102564102564,0.0
LightGBM,2011-07-31,2011-08-31,10,36,0.7407979407979408,0.15605555555555556,0.0,0.0,0.0,0.0
LightGBM,2011-07-31,2011-08-31,20,36,0.7407979407979408,0.15605555555555556,0.05,0.05,0.02564102564102564,0.02564102564102564
LightGBM,2011-07-31,2011-08-31,40,36,0.7407979407979408,0.15605555555555556,0.025,0.05,0.012658227848101266,0.02564102564102564
LightGBM,2011-08-31,2011-09-30,10,44,0.18689217758985197,0.287,0.0,0.0,0.0,0.0
LightGBM,2011-08-31,2011-09-30,20,44,0.18689217758985197,0.287,0.0,0.0,0.0,0.0
LightGBM,2011-08-31,2011-09-30,40,44,0.18689217758985197,0.287,0.0,0.0,0.0,0.0
LightGBM,2011-09-30,2011-10-31,10,39,0.15,0.22851282051282049,0.1,0.0,0.05263157894736842,0.0
LightGBM,2011-09-30,2011-10-31,20,39,0.15,0.22851282051282049,0.05,0.0,0.02564102564102564,0.0
LightGBM,2011-09-30,2011-10-31,40,39,0.15,0.22851282051282049,0.025,0.0,0.012658227848101266,0.0
LightGBM,2011-10-31,2011-11-30,10,44,-0.022973925299506693,0.3105909090909091,0.0,0.0,0.0,0.0
LightGBM,2011-10-31,2011-11-30,20,44,-0.022973925299506693,0.3105909090909091,0.0,0.0,0.0,0.0
LightGBM,2011-10-31,2011-11-30,40,44,-0.022973925299506693,0.3105909090909091,0.0,0.025,0.0,0.012658227848101266
LightGBM,2011-11-30,2011-12-31,10,44,0.4959830866807611,0.21368181818181817,0.0,0.0,0.0,0.0
LightGBM,2011-11-30,2011-12-31,20,44,0.4959830866807611,0.21368181818181817,0.05,0.0,0.02564102564102564,0.0
LightGBM,2011-11-30,2011-12-31,40,44,0.4959830866807611,0.21368181818181817,0.025,0.025,0.012658227848101266,0.012658227848101266
LightGBM,2011-12-31,2012-01-31,10,38,0.5577196629828208,0.21226315789473685,0.0,0.0,0.0,0.0
LightGBM,2011-12-31,2012-01-31,20,38,0.5577196629828208,0.21226315789473685,0.0,0.0,0.0,0.0
LightGBM,2011-12-31,2012-01-31,40,38,0.5577196629828208,0.21226315789473685,0.0,0.025,0.0,0.012658227848101266
LightGBM,2012-01-31,2012-02-29,10,42,0.5040920508872864,0.20971428571428571,0.0,0.0,0.0,0.0
LightGBM,2012-01-31,2012-02-29,20,42,0.5040920508872864,0.20971428571428571,0.0,0.0,0.0,0.0
LightGBM,2012-01-31,2012-02-29,40,42,0.5040920508872864,0.20971428571428571,0.0,0.025,0.0,0.012658227848101266
LightGBM,2012-02-29,2012-03-31,10,51,0.2057918552036199,0.291921568627451,0.0,0.0,0.0,0.0
LightGBM,2012-02-29,2012-03-31,20,51,0.2057918552036199,0.291921568627451,0.0,0.0,0.0,0.0
LightGBM,2012-02-29,2012-03-31,40,51,0.2057918552036199,0.291921568627451,0.0,0.025,0.0,0.012658227848101266
LightGBM,2012-03-31,2012-04-30,10,29,0.39950738916256145,0.24365517241379314,0.0,0.0,0.0,0.0
LightGBM,2012-03-31,2012-04-30,20,29,0.39950738916256145,0.24365517241379314,0.0,0.0,0.0,0.0
LightGBM,2012-03-31,2012-04-30,40,29,0.39950738916256145,0.24365517241379314,0.0,0.025,0.0,0.012658227848101266
LightGBM,2012-04-30,2012-05-31,10,49,-0.08010204081632652,0.38342857142857145,0.0,0.0,0.0,0.0
LightGBM,2012-04-30,2012-05-31,20,49,-0.08010204081632652,0.38342857142857145,0.0,0.0,0.0,0.0
LightGBM,2012-04-30,2012-05-31,40,49,-0.08010204081632652,0.38342857142857145,0.0,0.0,0.0,0.0
LightGBM,2012-05-31,2012-06-30,10,47,0.6668593894542091,0.18234042553191493,0.0,0.0,0.0,0.0
LightGBM,2012-05-31,2012-06-30,20,47,0.6668593894542091,0.18234042553191493,0.05,0.0,0.02564102564102564,0.0
LightGBM,2012-05-31,2012-06-30,40,47,0.6668593894542091,0.18234042553191493,0.05,0.075,0.02564102564102564,0.03896103896103896
LightGBM,2012-06-30,2012-07-31,10,38,0.18809497756866175,0.2852631578947368,0.0,0.0,0.0,0.0
LightGBM,2012-06-30,2012-07-31,20,38,0.18809497756866175,0.2852631578947368,0.0,0.0,0.0,0.0
LightGBM,2012-06-30,2012-07-31,40,38,0.18809497756866175,0.2852631578947368,0.05,0.0,0.02564102564102564,0.0
LightGBM,2012-07-31,2012-08-31,10,39,0.26376518218623485,0.2974358974358975,0.0,0.0,0.0,0.0
LightGBM,2012-07-31,2012-08-31,20,39,0.26376518218623485,0.2974358974358975,0.0,0.0,0.0,0.0
LightGBM,2012-07-31,2012-08-31,40,39,0.26376518218623485,0.2974358974358975,0.05,0.025,0.02564102564102564,0.012658227848101266
LightGBM,2012-08-31,2012-09-30,10,56,0.3257006151742994,0.2394642857142857,0.0,0.0,0.0,0.0
LightGBM,2012-08-31,2012-09-30,20,56,0.3257006151742994,0.2394642857142857,0.0,0.0,0.0,0.0
LightGBM,2012-08-31,2012-09-30,40,56,0.3257006151742994,0.2394642857142857,0.025,0.025,0.012658227848101266,0.012658227848101266
LightGBM,2012-09-30,2012-10-31,10,46,0.20826395312981807,0.3001304347826087,0.0,0.1,0.0,0.05263157894736842
LightGBM,2012-09-30,2012-10-31,20,46,0.20826395312981807,0.3001304347826087,0.0,0.05,0.0,0.02564102564102564
LightGBM,2012-09-30,2012-10-31,40,46,0.20826395312981807,0.3001304347826087,0.025,0.05,0.012658227848101266,0.02564102564102564
LightGBM,2012-10-31,2012-11-30,10,37,0.6109530583214793,0.2115135135135135,0.0,0.1,0.0,0.05263157894736842
LightGBM,2012-10-31,2012-11-30,20,37,0.6109530583214793,0.2115135135135135,0.0,0.05,0.0,0.02564102564102564
LightGBM,2012-10-31,2012-11-30,40,37,0.6109530583214793,0.2115135135135135,0.0,0.05,0.0,0.02564102564102564
LightGBM,2012-11-30,2012-12-31,10,59,0.4188778492109878,0.2467457627118644,0.0,0.0,0.0,0.0
LightGBM,2012-11-30,2012-12-31,20,59,0.4188778492109878,0.2467457627118644,0.0,0.0,0.0,0.0
LightGBM,2012-11-30,2012-12-31,40,59,0.4188778492109878,0.2467457627118644,0.025,0.0,0.012658227848101266,0.0
LightGBM,2012-12-31,2013-01-31,10,48,0.3537776812852801,0.23199999999999998,0.0,0.0,0.0,0.0
LightGBM,2012-12-31,2013-01-31,20,48,0.3537776812852801,0.23199999999999998,0.0,0.0,0.0,0.0
LightGBM,2012-12-31,2013-01-31,40,48,0.3537776812852801,0.23199999999999998,0.025,0.025,0.012658227848101266,0.012658227848101266
LightGBM,2013-01-31,2013-02-28,10,61,0.41464833421470115,0.22937704918032792,0.1,0.0,0.05263157894736842,0.0
LightGBM,2013-01-31,2013-02-28,20,61,0.41464833421470115,0.22937704918032792,0.05,0.0,0.02564102564102564,0.0
LightGBM,2013-01-31,2013-02-28,40,61,0.41464833421470115,0.22937704918032792,0.05,0.025,0.02564102564102564,0.012658227848101266
LightGBM,2013-02-28,2013-03-31,10,61,0.37789529349550494,0.24754098360655738,0.0,0.0,0.0,0.0
LightGBM,2013-02-28,2013-03-31,20,61,0.37789529349550494,0.24754098360655738,0.05,0.0,0.02564102564102564,0.0
LightGBM,2013-02-28,2013-03-31,40,61,0.37789529349550494,0.24754098360655738,0.025,0.025,0.012658227848101266,0.012658227848101266
LightGBM,2013-03-31,2013-04-30,10,37,0.38240872451398766,0.22000000000000003,0.0,0.0,0.0,0.0
LightGBM,2013-03-31,2013-04-30,20,37,0.38240872451398766,0.22000000000000003,0.0,0.0,0.0,0.0
LightGBM,2013-03-31,2013-04-30,40,37,0.38240872451398766,0.22000000000000003,0.025,0.0,0.012658227848101266,0.0
LightGBM,2013-04-30,2013-05-31,10,58,0.44292349810821624,0.2355862068965517,0.0,0.0,0.0,0.0
LightGBM,2013-04-30,2013-05-31,20,58,0.44292349810821624,0.2355862068965517,0.05,0.0,0.02564102564102564,0.0
LightGBM,2013-04-30,2013-05-31,40,58,0.44292349810821624,0.2355862068965517,0.025,0.0,0.012658227848101266,0.0
LightGBM,2013-05-31,2013-06-30,10,50,-0.15092436974789916,0.3766399999999999,0.0,0.0,0.0,0.0
LightGBM,2013-05-31,2013-06-30,20,50,-0.15092436974789916,0.3766399999999999,0.0,0.0,0.0,0.0
LightGBM,2013-05-31,2013-06-30,40,50,-0.15092436974789916,0.3766399999999999,0.0,0.0,0.0,0.0
LightGBM,2013-06-30,2013-07-31,10,54,0.13626834381551362,0.3025925925925926,0.0,0.0,0.0,0.0
LightGBM,2013-06-30,2013-07-31,20,54,0.13626834381551362,0.3025925925925926,0.0,0.0,0.0,0.0
LightGBM,2013-06-30,2013-07-31,40,54,0.13626834381551362,0.3025925925925926,0.025,0.025,0.012658227848101266,0.012658227848101266
LightGBM,2013-07-31,2013-08-31,10,41,0.2179442508710802,0.28185365853658534,0.0,0.0,0.0,0.0
LightGBM,2013-07-31,2013-08-31,20,41,0.2179442508710802,0.28185365853658534,0.0,0.0,0.0,0.0
LightGBM,2013-07-31,2013-08-31,40,41,0.2179442508710802,0.28185365853658534,0.025,0.0,0.012658227848101266,0.0
LightGBM,2013-08-31,2013-09-30,10,58,0.56393614076102,0.20717241379310347,0.0,0.0,0.0,0.0
LightGBM,2013-08-31,2013-09-30,20,58,0.56393614076102,0.20717241379310347,0.0,0.0,0.0,0.0
LightGBM,2013-08-31,2013-09-30,40,58,0.56393614076102,0.20717241379310347,0.0,0.0,0.0,0.0
LightGBM,2013-09-30,2013-10-31,10,50,0.5530372148859544,0.19216,0.0,0.0,0.0,0.0
LightGBM,2013-09-30,2013-10-31,20,50,0.5530372148859544,0.19216,0.0,0.05,0.0,0.02564102564102564
LightGBM,2013-09-30,2013-10-31,40,50,0.5530372148859544,0.19216,0.025,0.05,0.012658227848101266,0.02564102564102564
LightGBM,2013-10-31,2013-11-30,10,37,0.48032242769084865,0.19016216216216214,0.0,0.0,0.0,0.0
LightGBM,2013-10-31,2013-11-30,20,37,0.48032242769084865,0.19016216216216214,0.0,0.0,0.0,0.0
LightGBM,2013-10-31,2013-11-30,40,37,0.48032242769084865,0.19016216216216214,0.05,0.0,0.02564102564102564,0.0
LightGBM,2013-11-30,2013-12-31,10,41,0.5001742160278747,0.20687804878048782,0.0,0.0,0.0,0.0
LightGBM,2013-11-30,2013-12-31,20,41,0.5001742160278747,0.20687804878048782,0.0,0.05,0.0,0.02564102564102564
LightGBM,2013-11-30,2013-12-31,40,41,0.5001742160278747,0.20687804878048782,0.025,0.05,0.012658227848101266,0.02564102564102564
LightGBM,2013-12-31,2014-01-31,10,42,0.6672879021149015,0.16938095238095235,0.0,0.0,0.0,0.0
LightGBM,2013-12-31,2014-01-31,20,42,0.6672879021149015,0.16938095238095235,0.0,0.05,0.0,0.02564102564102564
LightGBM,2013-12-31,2014-01-31,40,42,0.6672879021149015,0.16938095238095235,0.0,0.1,0.0,0.05263157894736842
LightGBM,2014-01-31,2014-02-28,10,39,0.43380566801619436,0.2263589743589744,0.0,0.0,0.0,0.0
LightGBM,2014-01-31,2014-02-28,20,39,0.43380566801619436,0.2263589743589744,0.0,0.0,0.0,0.0
LightGBM,2014-01-31,2014-02-28,40,39,0.43380566801619436,0.2263589743589744,0.025,0.0,0.012658227848101266,0.0
LightGBM,2014-02-28,2014-03-31,10,55,0.5116161616161617,0.21661818181818188,0.0,0.0,0.0,0.0
LightGBM,2014-02-28,2014-03-31,20,55,0.5116161616161617,0.21661818181818188,0.0,0.0,0.0,0.0
LightGBM,2014-02-28,2014-03-31,40,55,0.5116161616161617,0.21661818181818188,0.05,0.0,0.02564102564102564,0.0
LightGBM,2014-03-31,2014-04-30,10,51,0.6952036199095023,0.16686274509803922,0.0,0.0,0.0,0.0
LightGBM,2014-03-31,2014-04-30,20,51,0.6952036199095023,0.16686274509803922,0.0,0.0,0.0,0.0
LightGBM,2014-03-31,2014-04-30,40,51,0.6952036199095023,0.16686274509803922,0.0,0.0,0.0,0.0
LightGBM,2014-04-30,2014-05-31,10,53,0.6166747298822771,0.19724528301886793,0.0,0.1,0.0,0.05263157894736842
LightGBM,2014-04-30,2014-05-31,20,53,0.6166747298822771,0.19724528301886793,0.0,0.1,0.0,0.05263157894736842
LightGBM,2014-04-30,2014-05-31,40,53,0.6166747298822771,0.19724528301886793,0.0,0.15,0.0,0.08108108108108109
LightGBM,2014-05-31,2014-06-30,10,47,0.4328168362627197,0.21931914893617016,0.0,0.0,0.0,0.0
LightGBM,2014-05-31,2014-06-30,20,47,0.4328168362627197,0.21931914893617016,0.0,0.0,0.0,0.0
LightGBM,2014-05-31,2014-06-30,40,47,0.4328168362627197,0.21931914893617016,0.0,0.025,0.0,0.012658227848101266
LightGBM,2014-06-30,2014-07-31,10,47,0.39616096207215545,0.21634042553191488,0.0,0.0,0.0,0.0
LightGBM,2014-06-30,2014-07-31,20,47,0.39616096207215545,0.21634042553191488,0.05,0.0,0.02564102564102564,0.0
LightGBM,2014-06-30,2014-07-31,40,47,0.39616096207215545,0.21634042553191488,0.025,0.0,0.012658227848101266,0.0
LightGBM,2014-07-31,2014-08-31,10,52,0.739178690344062,0.16411538461538464,0.0,0.0,0.0,0.0
LightGBM,2014-07-31,2014-08-31,20,52,0.739178690344062,0.16411538461538464,0.0,0.1,0.0,0.05263157894736842
LightGBM,2014-07-31,2014-08-31,40,52,0.739178690344062,0.16411538461538464,0.025,0.075,0.012658227848101266,0.03896103896103896
LightGBM,2014-08-31,2014-09-30,10,45,0.25085638998682475,0.2675555555555556,0.1,0.0,0.05263157894736842,0.0
LightGBM,2014-08-31,2014-09-30,20,45,0.25085638998682475,0.2675555555555556,0.1,0.0,0.05263157894736842,0.0
LightGBM,2014-08-31,2014-09-30,40,45,0.25085638998682475,0.2675555555555556,0.05,0.0,0.02564102564102564,0.0
LightGBM,2014-09-30,2014-10-31,10,53,0.2290759554910498,0.2895094339622642,0.0,0.0,0.0,0.0
LightGBM,2014-09-30,2014-10-31,20,53,0.2290759554910498,0.2895094339622642,0.0,0.0,0.0,0.0
LightGBM,2014-09-30,2014-10-31,40,53,0.2290759554910498,0.2895094339622642,0.075,0.0,0.03896103896103896,0.0
LightGBM,2014-10-31,2014-11-30,10,41,0.5674216027874567,0.21087804878048783,0.0,0.0,0.0,0.0
LightGBM,2014-10-31,2014-11-30,20,41,0.5674216027874567,0.21087804878048783,0.0,0.0,0.0,0.0
LightGBM,2014-10-31,2014-11-30,40,41,0.5674216027874567,0.21087804878048783,0.0,0.0,0.0,0.0
LightGBM,2014-11-30,2014-12-31,10,40,0.6039399624765479,0.1794,0.0,0.0,0.0,0.0
LightGBM,2014-11-30,2014-12-31,20,40,0.6039399624765479,0.1794,0.1,0.0,0.05263157894736842,0.0
LightGBM,2014-11-30,2014-12-31,40,40,0.6039399624765479,0.1794,0.05,0.05,0.02564102564102564,0.02564102564102564
LightGBM,2014-12-31,2015-01-31,10,45,0.3774703557312252,0.24057777777777775,0.0,0.1,0.0,0.05263157894736842
LightGBM,2014-12-31,2015-01-31,20,45,0.3774703557312252,0.24057777777777775,0.0,0.05,0.0,0.02564102564102564
LightGBM,2014-12-31,2015-01-31,40,45,0.3774703557312252,0.24057777777777775,0.0,0.075,0.0,0.03896103896103896
LightGBM,2015-01-31,2015-02-28,10,43,0.4022953790395651,0.23572093023255816,0.0,0.0,0.0,0.0
LightGBM,2015-01-31,2015-02-28,20,43,0.4022953790395651,0.23572093023255816,0.0,0.0,0.0,0.0
LightGBM,2015-01-31,2015-02-28,40,43,0.4022953790395651,0.23572093023255816,0.0,0.025,0.0,0.012658227848101266
LightGBM,2015-02-28,2015-03-31,10,42,0.3600194473705535,0.2385714285714286,0.0,0.0,0.0,0.0
LightGBM,2015-02-28,2015-03-31,20,42,0.3600194473705535,0.2385714285714286,0.0,0.0,0.0,0.0
LightGBM,2015-02-28,2015-03-31,40,42,0.3600194473705535,0.2385714285714286,0.025,0.025,0.012658227848101266,0.012658227848101266
LightGBM,2015-03-31,2015-04-30,10,51,0.2543891402714932,0.25313725490196076,0.0,0.0,0.0,0.0
LightGBM,2015-03-31,2015-04-30,20,51,0.2543891402714932,0.25313725490196076,0.0,0.0,0.0,0.0
LightGBM,2015-03-31,2015-04-30,40,51,0.2543891402714932,0.25313725490196076,0.0,0.025,0.0,0.012658227848101266
LightGBM,2015-04-30,2015-05-31,10,40,0.3318949343339588,0.23975,0.0,0.0,0.0,0.0
LightGBM,2015-04-30,2015-05-31,20,40,0.3318949343339588,0.23975,0.0,0.05,0.0,0.02564102564102564
LightGBM,2015-04-30,2015-05-31,40,40,0.3318949343339588,0.23975,0.0,0.025,0.0,0.012658227848101266
LightGBM,2015-05-31,2015-06-30,10,52,0.25271066336549136,0.25300000000000006,0.1,0.0,0.05263157894736842,0.0
LightGBM,2015-05-31,2015-06-30,20,52,0.25271066336549136,0.25300000000000006,0.05,0.0,0.02564102564102564,0.0
LightGBM,2015-05-31,2015-06-30,40,52,0.25271066336549136,0.25300000000000006,0.075,0.025,0.03896103896103896,0.012658227848101266
LightGBM,2015-06-30,2015-07-31,10,54,0.23865065751858203,0.2887777777777777,0.0,0.0,0.0,0.0
LightGBM,2015-06-30,2015-07-31,20,54,0.23865065751858203,0.2887777777777777,0.0,0.05,0.0,0.02564102564102564
LightGBM,2015-06-30,2015-07-31,40,54,0.23865065751858203,0.2887777777777777,0.0,0.025,0.0,0.012658227848101266
LightGBM,2015-07-31,2015-08-31,10,37,0.32764343290659076,0.24956756756756757,0.0,0.0,0.0,0.0
LightGBM,2015-07-31,2015-08-31,20,37,0.32764343290659076,0.24956756756756757,0.1,0.05,0.05263157894736842,0.02564102564102564
LightGBM,2015-07-31,2015-08-31,40,37,0.32764343290659076,0.24956756756756757,0.05,0.025,0.02564102564102564,0.012658227848101266
LightGBM,2015-08-31,2015-09-30,10,52,0.3228890975838811,0.2691923076923077,0.0,0.0,0.0,0.0
LightGBM,2015-08-31,2015-09-30,20,52,0.3228890975838811,0.2691923076923077,0.0,0.0,0.0,0.0
LightGBM,2015-08-31,2015-09-30,40,52,0.3228890975838811,0.2691923076923077,0.05,0.05,0.02564102564102564,0.02564102564102564
LightGBM,2015-09-30,2015-10-31,10,42,0.5758852605137347,0.176,0.0,0.0,0.0,0.0
LightGBM,2015-09-30,2015-10-31,20,42,0.5758852605137347,0.176,0.0,0.0,0.0,0.0
LightGBM,2015-09-30,2015-10-31,40,42,0.5758852605137347,0.176,0.0,0.025,0.0,0.012658227848101266
LightGBM,2015-10-31,2015-11-30,10,40,0.4547842401500939,0.254,0.1,0.0,0.05263157894736842,0.0
LightGBM,2015-10-31,2015-11-30,20,40,0.4547842401500939,0.254,0.05,0.0,0.02564102564102564,0.0
LightGBM,2015-10-31,2015-11-30,40,40,0.4547842401500939,0.254,0.025,0.025,0.012658227848101266,0.012658227848101266
LightGBM,2015-11-30,2015-12-31,10,41,0.05766550522648085,0.2684390243902439,0.0,0.0,0.0,0.0
LightGBM,2015-11-30,2015-12-31,20,41,0.05766550522648085,0.2684390243902439,0.0,0.0,0.0,0.0
LightGBM,2015-11-30,2015-12-31,40,41,0.05766550522648085,0.2684390243902439,0.0,0.025,0.0,0.012658227848101266
LightGBM,2015-12-31,2016-01-31,10,31,0.7576612903225807,0.14193548387096774,0.0,0.0,0.0,0.0
LightGBM,2015-12-31,2016-01-31,20,31,0.7576612903225807,0.14193548387096774,0.0,0.05,0.0,0.02564102564102564
LightGBM,2015-12-31,2016-01-31,40,31,0.7576612903225807,0.14193548387096774,0.05,0.025,0.02564102564102564,0.012658227848101266
LightGBM,2016-01-31,2016-02-29,10,51,0.39194570135746604,0.20243137254901958,0.0,0.0,0.0,0.0
LightGBM,2016-01-31,2016-02-29,20,51,0.39194570135746604,0.20243137254901958,0.0,0.0,0.0,0.0
LightGBM,2016-01-31,2016-02-29,40,51,0.39194570135746604,0.20243137254901958,0.0,0.025,0.0,0.012658227848101266
LightGBM,2016-02-29,2016-03-31,10,47,0.379740980573543,0.2296170212765957,0.0,0.0,0.0,0.0
LightGBM,2016-02-29,2016-03-31,20,47,0.379740980573543,0.2296170212765957,0.0,0.05,0.0,0.02564102564102564
LightGBM,2016-02-29,2016-03-31,40,47,0.379740980573543,0.2296170212765957,0.025,0.075,0.012658227848101266,0.03896103896103896
LightGBM,2016-03-31,2016-04-30,10,41,0.6754355400696866,0.17936585365853658,0.0,0.0,0.0,0.0
LightGBM,2016-03-31,2016-04-30,20,41,0.6754355400696866,0.17936585365853658,0.0,0.0,0.0,0.0
LightGBM,2016-03-31,2016-04-30,40,41,0.6754355400696866,0.17936585365853658,0.075,0.0,0.03896103896103896,0.0
LightGBM,2016-04-30,2016-05-31,10,51,0.5616289592760181,0.20070588235294115,0.0,0.0,0.0,0.0
LightGBM,2016-04-30,2016-05-31,20,51,0.5616289592760181,0.20070588235294115,0.0,0.0,0.0,0.0
LightGBM,2016-04-30,2016-05-31,40,51,0.5616289592760181,0.20070588235294115,0.025,0.05,0.012658227848101266,0.02564102564102564
LightGBM,2016-05-31,2016-06-30,10,53,0.421464279954846,0.2229433962264151,0.0,0.1,0.0,0.05263157894736842
LightGBM,2016-05-31,2016-06-30,20,53,0.421464279954846,0.2229433962264151,0.0,0.05,0.0,0.02564102564102564
LightGBM,2016-05-31,2016-06-30,40,53,0.421464279954846,0.2229433962264151,0.0,0.025,0.0,0.012658227848101266
LightGBM,2016-06-30,2016-07-31,10,51,0.6123076923076923,0.19407843137254902,0.0,0.0,0.0,0.0
LightGBM,2016-06-30,2016-07-31,20,51,0.6123076923076923,0.19407843137254902,0.0,0.0,0.0,0.0
LightGBM,2016-06-30,2016-07-31,40,51,0.6123076923076923,0.19407843137254902,0.025,0.025,0.012658227848101266,0.012658227848101266
LightGBM,2016-07-31,2016-08-31,10,49,0.6279591836734693,0.19122448979591838,0.0,0.0,0.0,0.0
LightGBM,2016-07-31,2016-08-31,20,49,0.6279591836734693,0.19122448979591838,0.05,0.05,0.02564102564102564,0.02564102564102564
LightGBM,2016-07-31,2016-08-31,40,49,0.6279591836734693,0.19122448979591838,0.05,0.1,0.02564102564102564,0.05263157894736842
LightGBM,2016-08-31,2016-09-30,10,49,0.5494897959183673,0.18653061224489798,0.0,0.0,0.0,0.0
LightGBM,2016-08-31,2016-09-30,20,49,0.5494897959183673,0.18653061224489798,0.0,0.0,0.0,0.0
LightGBM,2016-08-31,2016-09-30,40,49,0.5494897959183673,0.18653061224489798,0.05,0.025,0.02564102564102564,0.012658227848101266
LightGBM,2016-09-30,2016-10-31,10,48,0.5751194094659141,0.2085,0.0,0.0,0.0,0.0
LightGBM,2016-09-30,2016-10-31,20,48,0.5751194094659141,0.2085,0.0,0.05,0.0,0.02564102564102564
LightGBM,2016-09-30,2016-10-31,40,48,0.5751194094659141,0.2085,0.0,0.025,0.0,0.012658227848101266
LightGBM,2016-10-31,2016-11-30,10,45,0.4299077733860342,0.2274222222222222,0.0,0.0,0.0,0.0
LightGBM,2016-10-31,2016-11-30,20,45,0.4299077733860342,0.2274222222222222,0.0,0.0,0.0,0.0
LightGBM,2016-10-31,2016-11-30,40,45,0.4299077733860342,0.2274222222222222,0.05,0.0,0.02564102564102564,0.0
LightGBM,2016-11-30,2016-12-31,10,43,-0.3042887345212927,0.35604651162790696,0.0,0.0,0.0,0.0
LightGBM,2016-11-30,2016-12-31,20,43,-0.3042887345212927,0.35604651162790696,0.0,0.0,0.0,0.0
LightGBM,2016-11-30,2016-12-31,40,43,-0.3042887345212927,0.35604651162790696,0.025,0.0,0.012658227848101266,0.0
LightGBM,2016-12-31,2017-01-31,10,60,0.4574604056682413,0.2172,0.1,0.1,0.05263157894736842,0.05263157894736842
LightGBM,2016-12-31,2017-01-31,20,60,0.4574604056682413,0.2172,0.05,0.05,0.02564102564102564,0.02564102564102564
LightGBM,2016-12-31,2017-01-31,40,60,0.4574604056682413,0.2172,0.05,0.025,0.02564102564102564,0.012658227848101266
LightGBM,2017-01-31,2017-02-28,10,52,0.1381371126099206,0.27734615384615385,0.0,0.0,0.0,0.0
LightGBM,2017-01-31,2017-02-28,20,52,0.1381371126099206,0.27734615384615385,0.0,0.0,0.0,0.0
LightGBM,2017-01-31,2017-02-28,40,52,0.1381371126099206,0.27734615384615385,0.025,0.025,0.012658227848101266,0.012658227848101266
LightGBM,2017-02-28,2017-03-31,10,48,0.5514546244029527,0.20983333333333332,0.0,0.1,0.0,0.05263157894736842
LightGBM,2017-02-28,2017-03-31,20,48,0.5514546244029527,0.20983333333333332,0.0,0.1,0.0,0.05263157894736842
LightGBM,2017-02-28,2017-03-31,40,48,0.5514546244029527,0.20983333333333332,0.05,0.05,0.02564102564102564,0.02564102564102564
LightGBM,2017-03-31,2017-04-30,10,50,0.3945738295318127,0.23820000000000005,0.0,0.0,0.0,0.0
LightGBM,2017-03-31,2017-04-30,20,50,0.3945738295318127,0.23820000000000005,0.0,0.1,0.0,0.05263157894736842
LightGBM,2017-03-31,2017-04-30,40,50,0.3945738295318127,0.23820000000000005,0.0,0.075,0.0,0.03896103896103896
LightGBM,2017-04-30,2017-05-31,10,42,0.3872457661453691,0.26061904761904764,0.0,0.0,0.0,0.0
LightGBM,2017-04-30,2017-05-31,20,42,0.3872457661453691,0.26061904761904764,0.0,0.0,0.0,0.0
LightGBM,2017-04-30,2017-05-31,40,42,0.3872457661453691,0.26061904761904764,0.05,0.075,0.02564102564102564,0.03896103896103896
LightGBM,2017-05-31,2017-06-30,10,46,0.2763490595127968,0.2619565217391305,0.1,0.0,0.05263157894736842,0.0
LightGBM,2017-05-31,2017-06-30,20,46,0.2763490595127968,0.2619565217391305,0.05,0.0,0.02564102564102564,0.0
LightGBM,2017-05-31,2017-06-30,40,46,0.2763490595127968,0.2619565217391305,0.1,0.025,0.05263157894736842,0.012658227848101266
LightGBM,2017-06-30,2017-07-31,10,51,0.251131221719457,0.2767450980392157,0.1,0.0,0.05263157894736842,0.0
LightGBM,2017-06-30,2017-07-31,20,51,0.251131221719457,0.2767450980392157,0.05,0.05,0.02564102564102564,0.02564102564102564
LightGBM,2017-06-30,2017-07-31,40,51,0.251131221719457,0.2767450980392157,0.05,0.05,0.02564102564102564,0.02564102564102564
LightGBM,2017-07-31,2017-08-31,10,37,0.25936462778568037,0.26037837837837846,0.1,0.0,0.05263157894736842,0.0
LightGBM,2017-07-31,2017-08-31,20,37,0.25936462778568037,0.26037837837837846,0.05,0.0,0.02564102564102564,0.0
LightGBM,2017-07-31,2017-08-31,40,37,0.25936462778568037,0.26037837837837846,0.025,0.0,0.012658227848101266,0.0
LightGBM,2017-08-31,2017-09-30,10,41,0.16062717770034846,0.3133170731707317,0.0,0.0,0.0,0.0
LightGBM,2017-08-31,2017-09-30,20,41,0.16062717770034846,0.3133170731707317,0.0,0.0,0.0,0.0
LightGBM,2017-08-31,2017-09-30,40,41,0.16062717770034846,0.3133170731707317,0.0,0.025,0.0,0.012658227848101266
LightGBM,2017-09-30,2017-10-31,10,55,0.6119047619047621,0.20069090909090911,0.0,0.0,0.0,0.0
LightGBM,2017-09-30,2017-10-31,20,55,0.6119047619047621,0.20069090909090911,0.0,0.1,0.0,0.05263157894736842
LightGBM,2017-09-30,2017-10-31,40,55,0.6119047619047621,0.20069090909090911,0.025,0.075,0.012658227848101266,0.03896103896103896
LightGBM,2017-10-31,2017-11-30,10,47,0.4104995374653099,0.20919148936170215,0.0,0.1,0.0,0.05263157894736842
LightGBM,2017-10-31,2017-11-30,20,47,0.4104995374653099,0.20919148936170215,0.0,0.05,0.0,0.02564102564102564
LightGBM,2017-10-31,2017-11-30,40,47,0.4104995374653099,0.20919148936170215,0.025,0.025,0.012658227848101266,0.012658227848101266
LightGBM,2017-11-30,2017-12-31,10,47,0.45420906567992597,0.2348510638297872,0.0,0.0,0.0,0.0
LightGBM,2017-11-30,2017-12-31,20,47,0.45420906567992597,0.2348510638297872,0.0,0.0,0.0,0.0
LightGBM,2017-11-30,2017-12-31,40,47,0.45420906567992597,0.2348510638297872,0.0,0.0,0.0,0.0
LightGBM,2017-12-31,2018-01-31,10,60,0.6465684912475689,0.15986666666666668,0.1,0.0,0.05263157894736842,0.0
LightGBM,2017-12-31,2018-01-31,20,60,0.6465684912475689,0.15986666666666668,0.05,0.05,0.02564102564102564,0.02564102564102564
LightGBM,2017-12-31,2018-01-31,40,60,0.6465684912475689,0.15986666666666668,0.05,0.05,0.02564102564102564,0.02564102564102564
LightGBM,2018-01-31,2018-02-28,10,56,0.5799043062200958,0.21810714285714286,0.0,0.0,0.0,0.0
LightGBM,2018-01-31,2018-02-28,20,56,0.5799043062200958,0.21810714285714286,0.0,0.0,0.0,0.0
LightGBM,2018-01-31,2018-02-28,40,56,0.5799043062200958,0.21810714285714286,0.0,0.075,0.0,0.03896103896103896
LightGBM,2018-02-28,2018-03-31,10,49,0.650204081632653,0.16791836734693877,0.1,0.0,0.05263157894736842,0.0
LightGBM,2018-02-28,2018-03-31,20,49,0.650204081632653,0.16791836734693877,0.05,0.0,0.02564102564102564,0.0
LightGBM,2018-02-28,2018-03-31,40,49,0.650204081632653,0.16791836734693877,0.075,0.05,0.03896103896103896,0.02564102564102564
LightGBM,2018-03-31,2018-04-30,10,45,0.12990777338603424,0.30493333333333333,0.0,0.0,0.0,0.0
LightGBM,2018-03-31,2018-04-30,20,45,0.12990777338603424,0.30493333333333333,0.0,0.1,0.0,0.05263157894736842
LightGBM,2018-03-31,2018-04-30,40,45,0.12990777338603424,0.30493333333333333,0.025,0.05,0.012658227848101266,0.02564102564102564
LightGBM,2018-04-30,2018-05-31,10,52,0.176726713907624,0.31165384615384617,0.1,0.0,0.05263157894736842,0.0
LightGBM,2018-04-30,2018-05-31,20,52,0.176726713907624,0.31165384615384617,0.05,0.0,0.02564102564102564,0.0
LightGBM,2018-04-30,2018-05-31,40,52,0.176726713907624,0.31165384615384617,0.025,0.025,0.012658227848101266,0.012658227848101266
LightGBM,2018-05-31,2018-06-30,10,52,0.5977973192179629,0.20123076923076924,0.1,0.1,0.05263157894736842,0.05263157894736842
LightGBM,2018-05-31,2018-06-30,20,52,0.5977973192179629,0.20123076923076924,0.05,0.1,0.02564102564102564,0.05263157894736842
LightGBM,2018-05-31,2018-06-30,40,52,0.5977973192179629,0.20123076923076924,0.025,0.075,0.012658227848101266,0.03896103896103896
LightGBM,2018-06-30,2018-07-31,10,54,0.525976748618258,0.19903703703703707,0.0,0.0,0.0,0.0
LightGBM,2018-06-30,2018-07-31,20,54,0.525976748618258,0.19903703703703707,0.0,0.05,0.0,0.02564102564102564
LightGBM,2018-06-30,2018-07-31,40,54,0.525976748618258,0.19903703703703707,0.0,0.05,0.0,0.02564102564102564
LightGBM,2018-07-31,2018-08-31,10,40,0.601500938086304,0.19375,0.0,0.0,0.0,0.0
LightGBM,2018-07-31,2018-08-31,20,40,0.601500938086304,0.19375,0.0,0.0,0.0,0.0
LightGBM,2018-07-31,2018-08-31,40,40,0.601500938086304,0.19375,0.025,0.05,0.012658227848101266,0.02564102564102564
LightGBM,2018-08-31,2018-09-30,10,51,0.4642533936651584,0.2210588235294118,0.0,0.0,0.0,0.0
LightGBM,2018-08-31,2018-09-30,20,51,0.4642533936651584,0.2210588235294118,0.05,0.05,0.02564102564102564,0.02564102564102564
LightGBM,2018-08-31,2018-09-30,40,51,0.4642533936651584,0.2210588235294118,0.05,0.05,0.02564102564102564,0.02564102564102564
LightGBM,2018-09-30,2018-10-31,10,46,0.47012025901942645,0.21221739130434783,0.0,0.0,0.0,0.0
LightGBM,2018-09-30,2018-10-31,20,46,0.47012025901942645,0.21221739130434783,0.0,0.0,0.0,0.0
LightGBM,2018-09-30,2018-10-31,40,46,0.47012025901942645,0.21221739130434783,0.025,0.0,0.012658227848101266,0.0
LightGBM,2018-10-31,2018-11-30,10,41,0.17526132404181188,0.2528780487804878,0.0,0.0,0.0,0.0
LightGBM,2018-10-31,2018-11-30,20,41,0.17526132404181188,0.2528780487804878,0.0,0.05,0.0,0.02564102564102564
LightGBM,2018-10-31,2018-11-30,40,41,0.17526132404181188,0.2528780487804878,0.0,0.025,0.0,0.012658227848101266
LightGBM,2018-11-30,2018-12-31,10,46,0.6183780450200431,0.2075217391304348,0.1,0.0,0.05263157894736842,0.0
LightGBM,2018-11-30,2018-12-31,20,46,0.6183780450200431,0.2075217391304348,0.05,0.0,0.02564102564102564,0.0
LightGBM,2018-11-30,2018-12-31,40,46,0.6183780450200431,0.2075217391304348,0.025,0.025,0.012658227848101266,0.012658227848101266
LightGBM,2018-12-31,2019-01-31,10,44,0.5019027484143763,0.20568181818181816,0.1,0.0,0.05263157894736842,0.0
LightGBM,2018-12-31,2019-01-31,20,44,0.5019027484143763,0.20568181818181816,0.05,0.0,0.02564102564102564,0.0
LightGBM,2018-12-31,2019-01-31,40,44,0.5019027484143763,0.20568181818181816,0.05,0.025,0.02564102564102564,0.012658227848101266
LightGBM,2019-01-31,2019-02-28,10,50,0.4607442977190876,0.18783999999999998,0.0,0.1,0.0,0.05263157894736842
LightGBM,2019-01-31,2019-02-28,20,50,0.4607442977190876,0.18783999999999998,0.0,0.05,0.0,0.02564102564102564
LightGBM,2019-01-31,2019-02-28,40,50,0.4607442977190876,0.18783999999999998,0.0,0.05,0.0,0.02564102564102564
LightGBM,2019-02-28,2019-03-31,10,57,0.3550687062483796,0.2484561403508772,0.0,0.0,0.0,0.0
LightGBM,2019-02-28,2019-03-31,20,57,0.3550687062483796,0.2484561403508772,0.0,0.0,0.0,0.0
LightGBM,2019-02-28,2019-03-31,40,57,0.3550687062483796,0.2484561403508772,0.05,0.0,0.02564102564102564,0.0
LightGBM,2019-03-31,2019-04-30,10,52,0.7017843421838982,0.1655769230769231,0.0,0.0,0.0,0.0
LightGBM,2019-03-31,2019-04-30,20,52,0.7017843421838982,0.1655769230769231,0.05,0.05,0.02564102564102564,0.02564102564102564
LightGBM,2019-03-31,2019-04-30,40,52,0.7017843421838982,0.1655769230769231,0.05,0.025,0.02564102564102564,0.012658227848101266
LightGBM,2019-04-30,2019-05-31,10,46,0.19222941720629044,0.2737826086956522,0.1,0.0,0.05263157894736842,0.0
LightGBM,2019-04-30,2019-05-31,20,46,0.19222941720629044,0.2737826086956522,0.05,0.0,0.02564102564102564,0.0
LightGBM,2019-04-30,2019-05-31,40,46,0.19222941720629044,0.2737826086956522,0.025,0.0,0.012658227848101266,0.0
LightGBM,2019-05-31,2019-06-30,10,45,0.49894598155467723,0.20719999999999997,0.0,0.0,0.0,0.0
LightGBM,2019-05-31,2019-06-30,20,45,0.49894598155467723,0.20719999999999997,0.0,0.0,0.0,0.0
LightGBM,2019-05-31,2019-06-30,40,45,0.49894598155467723,0.20719999999999997,0.025,0.05,0.012658227848101266,0.02564102564102564
LightGBM,2019-06-30,2019-07-31,10,50,0.2629051620648259,0.26652000000000003,0.0,0.0,0.0,0.0
LightGBM,2019-06-30,2019-07-31,20,50,0.2629051620648259,0.26652000000000003,0.0,0.0,0.0,0.0
LightGBM,2019-06-30,2019-07-31,40,50,0.2629051620648259,0.26652000000000003,0.025,0.025,0.012658227848101266,0.012658227848101266
LightGBM,2019-07-31,2019-08-31,10,42,0.3431650595575723,0.25038095238095237,0.0,0.0,0.0,0.0
LightGBM,2019-07-31,2019-08-31,20,42,0.3431650595575723,0.25038095238095237,0.0,0.0,0.0,0.0
LightGBM,2019-07-31,2019-08-31,40,42,0.3431650595575723,0.25038095238095237,0.0,0.0,0.0,0.0
LightGBM,2019-08-31,2019-09-30,10,50,0.04470588235294118,0.31508,0.0,0.0,0.0,0.0
LightGBM,2019-08-31,2019-09-30,20,50,0.04470588235294118,0.31508,0.0,0.0,0.0,0.0
LightGBM,2019-08-31,2019-09-30,40,50,0.04470588235294118,0.31508,0.0,0.0,0.0,0.0
LightGBM,2019-09-30,2019-10-31,10,39,-0.34696356275303647,0.40425641025641024,0.0,0.0,0.0,0.0
LightGBM,2019-09-30,2019-10-31,20,39,-0.34696356275303647,0.40425641025641024,0.0,0.0,0.0,0.0
LightGBM,2019-09-30,2019-10-31,40,39,-0.34696356275303647,0.40425641025641024,0.0,0.0,0.0,0.0
LightGBM,2019-10-31,2019-11-30,10,41,0.45766550522648086,0.21326829268292682,0.0,0.0,0.0,0.0
LightGBM,2019-10-31,2019-11-30,20,41,0.45766550522648086,0.21326829268292682,0.0,0.0,0.0,0.0
LightGBM,2019-10-31,2019-11-30,40,41,0.45766550522648086,0.21326829268292682,0.0,0.0,0.0,0.0
LightGBM,2019-11-30,2019-12-31,10,36,-0.009009009009009009,0.3156111111111111,0.1,0.0,0.05263157894736842,0.0
LightGBM,2019-11-30,2019-12-31,20,36,-0.009009009009009009,0.3156111111111111,0.05,0.0,0.02564102564102564,0.0
LightGBM,2019-11-30,2019-12-31,40,36,-0.009009009009009009,0.3156111111111111,0.025,0.0,0.012658227848101266,0.0
LightGBM,2019-12-31,2020-01-31,10,47,0.296831637372803,0.23085106382978726,0.0,0.0,0.0,0.0
LightGBM,2019-12-31,2020-01-31,20,47,0.296831637372803,0.23085106382978726,0.05,0.1,0.02564102564102564,0.05263157894736842
LightGBM,2019-12-31,2020-01-31,40,47,0.296831637372803,0.23085106382978726,0.05,0.05,0.02564102564102564,0.02564102564102564
LightGBM,2020-01-31,2020-02-29,10,47,0.09747918593894543,0.2786808510638298,0.0,0.0,0.0,0.0
LightGBM,2020-01-31,2020-02-29,20,47,0.09747918593894543,0.2786808510638298,0.0,0.0,0.0,0.0
LightGBM,2020-01-31,2020-02-29,40,47,0.09747918593894543,0.2786808510638298,0.05,0.0,0.02564102564102564,0.0
LightGBM,2020-02-29,2020-03-31,10,48,0.662505427702996,0.17066666666666666,0.2,0.1,0.1111111111111111,0.05263157894736842
LightGBM,2020-02-29,2020-03-31,20,48,0.662505427702996,0.17066666666666666,0.1,0.05,0.05263157894736842,0.02564102564102564
LightGBM,2020-02-29,2020-03-31,40,48,0.662505427702996,0.17066666666666666,0.05,0.075,0.02564102564102564,0.03896103896103896
LightGBM,2020-03-31,2020-04-30,10,41,-0.28658536585365857,0.36941463414634146,0.0,0.0,0.0,0.0
LightGBM,2020-03-31,2020-04-30,20,41,-0.28658536585365857,0.36941463414634146,0.0,0.0,0.0,0.0
LightGBM,2020-03-31,2020-04-30,40,41,-0.28658536585365857,0.36941463414634146,0.025,0.0,0.012658227848101266,0.0
LightGBM,2020-04-30,2020-05-31,10,54,-0.18238993710691823,0.33314814814814814,0.0,0.2,0.0,0.1111111111111111
LightGBM,2020-04-30,2020-05-31,20,54,-0.18238993710691823,0.33314814814814814,0.0,0.1,0.0,0.05263157894736842
LightGBM,2020-04-30,2020-05-31,40,54,-0.18238993710691823,0.33314814814814814,0.0,0.05,0.0,0.02564102564102564
LightGBM,2020-05-31,2020-06-30,10,43,-0.42404107520386586,0.4305116279069768,0.0,0.0,0.0,0.0
LightGBM,2020-05-31,2020-06-30,20,43,-0.42404107520386586,0.4305116279069768,0.0,0.0,0.0,0.0
LightGBM,2020-05-31,2020-06-30,40,43,-0.42404107520386586,0.4305116279069768,0.0,0.025,0.0,0.012658227848101266
LightGBM,2020-06-30,2020-07-31,10,48,-0.463091619626574,0.42891666666666667,0.0,0.0,0.0,0.0
LightGBM,2020-06-30,2020-07-31,20,48,-0.463091619626574,0.42891666666666667,0.0,0.0,0.0,0.0
LightGBM,2020-06-30,2020-07-31,40,48,-0.463091619626574,0.42891666666666667,0.0,0.0,0.0,0.0
LightGBM,2020-07-31,2020-08-31,10,39,0.5105263157894737,0.21333333333333335,0.0,0.0,0.0,0.0
LightGBM,2020-07-31,2020-08-31,20,39,0.5105263157894737,0.21333333333333335,0.05,0.0,0.02564102564102564,0.0
LightGBM,2020-07-31,2020-08-31,40,39,0.5105263157894737,0.21333333333333335,0.075,0.0,0.03896103896103896,0.0
LightGBM,2020-08-31,2020-09-30,10,39,0.4765182186234818,0.22620512820512823,0.0,0.0,0.0,0.0
LightGBM,2020-08-31,2020-09-30,20,39,0.4765182186234818,0.22620512820512823,0.0,0.0,0.0,0.0
LightGBM,2020-08-31,2020-09-30,40,39,0.4765182186234818,0.22620512820512823,0.05,0.025,0.02564102564102564,0.012658227848101266
LightGBM,2020-09-30,2020-10-31,10,46,0.7065679925994449,0.16934782608695653,0.0,0.0,0.0,0.0
LightGBM,2020-09-30,2020-10-31,20,46,0.7065679925994449,0.16934782608695653,0.05,0.05,0.02564102564102564,0.02564102564102564
LightGBM,2020-09-30,2020-10-31,40,46,0.7065679925994449,0.16934782608695653,0.025,0.05,0.012658227848101266,0.02564102564102564
LightGBM,2020-10-31,2020-11-30,10,35,0.861624649859944,0.10857142857142857,0.1,0.0,0.05263157894736842,0.0
LightGBM,2020-10-31,2020-11-30,20,35,0.861624649859944,0.10857142857142857,0.15,0.0,0.08108108108108109,0.0
LightGBM,2020-10-31,2020-11-30,40,35,0.861624649859944,0.10857142857142857,0.075,0.025,0.03896103896103896,0.012658227848101266
LightGBM,2020-11-30,2020-12-31,10,53,0.5365263667150459,0.24022641509433965,0.0,0.0,0.0,0.0
LightGBM,2020-11-30,2020-12-31,20,53,0.5365263667150459,0.24022641509433965,0.05,0.0,0.02564102564102564,0.0
LightGBM,2020-11-30,2020-12-31,40,53,0.5365263667150459,0.24022641509433965,0.05,0.025,0.02564102564102564,0.012658227848101266
LightGBM,2020-12-31,2021-01-31,10,46,0.3737897008942337,0.2452608695652174,0.0,0.0,0.0,0.0
LightGBM,2020-12-31,2021-01-31,20,46,0.3737897008942337,0.2452608695652174,0.0,0.0,0.0,0.0
LightGBM,2020-12-31,2021-01-31,40,46,0.3737897008942337,0.2452608695652174,0.0,0.0,0.0,0.0
LightGBM,2021-01-31,2021-02-28,10,40,0.25234521575985,0.26405,0.0,0.0,0.0,0.0
LightGBM,2021-01-31,2021-02-28,20,40,0.25234521575985,0.26405,0.0,0.0,0.0,0.0
LightGBM,2021-01-31,2021-02-28,40,40,0.25234521575985,0.26405,0.05,0.025,0.02564102564102564,0.012658227848101266
LightGBM,2021-02-28,2021-03-31,10,48,0.74587494572297,0.15358333333333332,0.0,0.1,0.0,0.05263157894736842
LightGBM,2021-02-28,2021-03-31,20,48,0.74587494572297,0.15358333333333332,0.05,0.1,0.02564102564102564,0.05263157894736842
LightGBM,2021-02-28,2021-03-31,40,48,0.74587494572297,0.15358333333333332,0.025,0.05,0.012658227848101266,0.02564102564102564
LightGBM,2021-03-31,2021-04-30,10,35,0.6551820728291318,0.17348571428571427,0.0,0.0,0.0,0.0
LightGBM,2021-03-31,2021-04-30,20,35,0.6551820728291318,0.17348571428571427,0.0,0.0,0.0,0.0
LightGBM,2021-03-31,2021-04-30,40,35,0.6551820728291318,0.17348571428571427,0.025,0.025,0.012658227848101266,0.012658227848101266
LightGBM,2021-04-30,2021-05-31,10,53,0.793178519593614,0.1349433962264151,0.0,0.0,0.0,0.0
LightGBM,2021-04-30,2021-05-31,20,53,0.793178519593614,0.1349433962264151,0.05,0.0,0.02564102564102564,0.0
LightGBM,2021-04-30,2021-05-31,40,53,0.793178519593614,0.1349433962264151,0.05,0.0,0.02564102564102564,0.0
LightGBM,2021-05-31,2021-06-30,10,34,0.7787624140565317,0.14070588235294118,0.0,0.1,0.0,0.05263157894736842
LightGBM,2021-05-31,2021-06-30,20,34,0.7787624140565317,0.14070588235294118,0.0,0.05,0.0,0.02564102564102564
LightGBM,2021-05-31,2021-06-30,40,34,0.7787624140565317,0.14070588235294118,0.025,0.025,0.012658227848101266,0.012658227848101266
LightGBM,2021-06-30,2021-07-31,10,47,0.7690795559666975,0.1507659574468085,0.0,0.2,0.0,0.1111111111111111
LightGBM,2021-06-30,2021-07-31,20,47,0.7690795559666975,0.1507659574468085,0.0,0.15,0.0,0.08108108108108109
LightGBM,2021-06-30,2021-07-31,40,47,0.7690795559666975,0.1507659574468085,0.0,0.1,0.0,0.05263157894736842
LightGBM,2021-07-31,2021-08-31,10,36,0.7541827541827543,0.13405555555555554,0.0,0.0,0.0,0.0
LightGBM,2021-07-31,2021-08-31,20,36,0.7541827541827543,0.13405555555555554,0.0,0.0,0.0,0.0
LightGBM,2021-07-31,2021-08-31,40,36,0.7541827541827543,0.13405555555555554,0.025,0.0,0.012658227848101266,0.0
LightGBM,2021-08-31,2021-09-30,10,49,0.4838775510204081,0.21571428571428572,0.0,0.0,0.0,0.0
LightGBM,2021-08-31,2021-09-30,20,49,0.4838775510204081,0.21571428571428572,0.05,0.05,0.02564102564102564,0.02564102564102564
LightGBM,2021-08-31,2021-09-30,40,49,0.4838775510204081,0.21571428571428572,0.075,0.025,0.03896103896103896,0.012658227848101266
LightGBM,2021-09-30,2021-10-31,10,35,0.6383753501400561,0.20079999999999995,0.0,0.0,0.0,0.0
LightGBM,2021-09-30,2021-10-31,20,35,0.6383753501400561,0.20079999999999995,0.0,0.05,0.0,0.02564102564102564
LightGBM,2021-09-30,2021-10-31,40,35,0.6383753501400561,0.20079999999999995,0.05,0.05,0.02564102564102564,0.02564102564102564
LightGBM,2021-10-31,2021-11-30,10,35,0.8061624649859944,0.10291428571428572,0.0,0.0,0.0,0.0
LightGBM,2021-10-31,2021-11-30,20,35,0.8061624649859944,0.10291428571428572,0.0,0.0,0.0,0.0
LightGBM,2021-10-31,2021-11-30,40,35,0.8061624649859944,0.10291428571428572,0.025,0.0,0.012658227848101266,0.0
LightGBM,2021-11-30,2021-12-31,10,41,0.7066202090592336,0.17297560975609752,0.0,0.0,0.0,0.0
LightGBM,2021-11-30,2021-12-31,20,41,0.7066202090592336,0.17297560975609752,0.0,0.05,0.0,0.02564102564102564
LightGBM,2021-11-30,2021-12-31,40,41,0.7066202090592336,0.17297560975609752,0.025,0.025,0.012658227848101266,0.012658227848101266
